CREATE DATABASE  IF NOT EXISTS `QuanLyNhaXe` /*!40100 DEFAULT CHARACTER SET utf8mb4 COLLATE utf8mb4_0900_ai_ci */ /*!80016 DEFAULT ENCRYPTION='N' */;
USE `QuanLyNhaXe`;
-- MySQL dump 10.13  Distrib 8.0.34, for Win64 (x86_64)
--
-- Host: xekimnguyen-data.cywkluwbzlud.us-east-1.rds.amazonaws.com    Database: QuanLyNhaXe
-- ------------------------------------------------------
-- Server version	8.0.33

/*!40101 SET @OLD_CHARACTER_SET_CLIENT=@@CHARACTER_SET_CLIENT */;
/*!40101 SET @OLD_CHARACTER_SET_RESULTS=@@CHARACTER_SET_RESULTS */;
/*!40101 SET @OLD_COLLATION_CONNECTION=@@COLLATION_CONNECTION */;
/*!50503 SET NAMES utf8 */;
/*!40103 SET @OLD_TIME_ZONE=@@TIME_ZONE */;
/*!40103 SET TIME_ZONE='+00:00' */;
/*!40014 SET @OLD_UNIQUE_CHECKS=@@UNIQUE_CHECKS, UNIQUE_CHECKS=0 */;
/*!40014 SET @OLD_FOREIGN_KEY_CHECKS=@@FOREIGN_KEY_CHECKS, FOREIGN_KEY_CHECKS=0 */;
/*!40101 SET @OLD_SQL_MODE=@@SQL_MODE, SQL_MODE='NO_AUTO_VALUE_ON_ZERO' */;
/*!40111 SET @OLD_SQL_NOTES=@@SQL_NOTES, SQL_NOTES=0 */;
SET @MYSQLDUMP_TEMP_LOG_BIN = @@SESSION.SQL_LOG_BIN;
SET @@SESSION.SQL_LOG_BIN= 0;

--
-- GTID state at the beginning of the backup 
--

SET @@GLOBAL.GTID_PURGED=/*!80000 '+'*/ '';

--
-- Table structure for table `account`
--

DROP TABLE IF EXISTS `account`;
/*!40101 SET @saved_cs_client     = @@character_set_client */;
/*!50503 SET character_set_client = utf8mb4 */;
CREATE TABLE `account` (
  `id` int NOT NULL AUTO_INCREMENT,
  `is_active` bit(1) NOT NULL,
  `role_id` int DEFAULT NULL,
  `password` varchar(255) NOT NULL,
  `refresh_token` varchar(255) DEFAULT NULL,
  `username` varchar(255) NOT NULL,
  PRIMARY KEY (`id`),
  UNIQUE KEY `UK_gex1lmaqpg0ir5g1f5eftyaa1` (`username`),
  KEY `FKd4vb66o896tay3yy52oqxr9w0` (`role_id`),
  CONSTRAINT `FKd4vb66o896tay3yy52oqxr9w0` FOREIGN KEY (`role_id`) REFERENCES `role` (`id`)
) ENGINE=InnoDB AUTO_INCREMENT=87 DEFAULT CHARSET=utf8mb4 COLLATE=utf8mb4_0900_ai_ci;
/*!40101 SET character_set_client = @saved_cs_client */;

--
-- Dumping data for table `account`
--

LOCK TABLES `account` WRITE;
/*!40000 ALTER TABLE `account` DISABLE KEYS */;
INSERT INTO `account` VALUES (1,_binary '',1,'$2a$10$5.13FaPjm1215.uWHHkVbum9Z5Erwqr4oi7/hKVSfPP4UaOGqDbES','eyJhbGciOiJIUzI1NiJ9.eyJzdWIiOiIxIiwicm9sZXMiOlt7ImF1dGhvcml0eSI6IkFETUlOIn1dLCJ0eXBlIjoiQWNjZXNzIFRva2VuIiwiaWF0IjoxNzA2ODQ0NzYzLCJleHAiOjE3MDc0NDkyNTR9.6D0ZmYvqFeex18kkX6YpNApH7u-dqM1_u9B6KgtcXao','nnguyen@gmail.com'),(4,_binary '\0',4,'$2a$10$4hC2Ll51KqSSvXYjnqMbuevKM9S3HixgSgyx51JMtcH314ueKyDa6',NULL,'03456323501'),(5,_binary '',4,'$2a$10$Fa8eS.05qfsdjkhGXuKp0uRxZDCFtruYOMlnuRPNvo/q/QrhQGevC',NULL,'0336669566'),(6,_binary '',2,'$2a$10$yR/xTUne0ed3TSqxoshQrugnawOXJ3x/JOcKni89falp83nLjSWIu',NULL,'anhgian@gmail.com'),(7,_binary '',4,'$2a$10$lgjSdUcCowrLGHXb5bfIDuqaUFI/1Z6Q3r9DNm1NVeXjLnQFZ3dxS','eyJhbGciOiJIUzI1NiJ9.eyJzdWIiOiI1Iiwicm9sZXMiOlt7ImF1dGhvcml0eSI6IkNVU1RPTUVSIn1dLCJ0eXBlIjoiUmVmcmVzaCBUb2tlbiIsImlhdCI6MTcwMDEzMjQ0NSwiZXhwIjoxNzAwNzM3MjQ1fQ.7ne8GTNB_bZQ8X8kY0-tfWe1ryHzT6bIlNFlKFOeWOo','09090909090'),(8,_binary '',4,'$2a$10$jEKHy26bbulBfUqxda.VoOD/mffMgOVJEpKyLOGqvSoTprqy9XkWO','eyJhbGciOiJIUzI1NiJ9.eyJzdWIiOiI2Iiwicm9sZXMiOlt7ImF1dGhvcml0eSI6IkNVU1RPTUVSIn1dLCJ0eXBlIjoiUmVmcmVzaCBUb2tlbiIsImlhdCI6MTcwNTMzMjE2OSwiZXhwIjoxNzA1OTM2OTY5fQ.MiKYisa9PlDV3ijxDHSSIU4XoObkU2wLcxb_ZeaSH-A','09090909091'),(9,_binary '',4,'$2a$10$lDolIOItiuKCdF3.jpaMEeF9ZJkMQEOU1bSuPmxo4KGHRGAw5bXGu','eyJhbGciOiJIUzI1NiJ9.eyJzdWIiOiI3Iiwicm9sZXMiOlt7ImF1dGhvcml0eSI6IkNVU1RPTUVSIn1dLCJ0eXBlIjoiUmVmcmVzaCBUb2tlbiIsImlhdCI6MTcwNjkyMTczNSwiZXhwIjoxNzA3NTI2NTM1fQ.l_s27HOSTOetzAB83UvnmLmsbJZeVX0ymcEz452-qqI','0101010101'),(10,_binary '',2,'$2a$10$hihVmhBE7HAcg54bMO3BTO2rP.3N1CPSUk4PxZZcrocjhw/fSOUgu',NULL,'tienanh@gmail.com'),(11,_binary '',3,'$2a$10$qdgzNXjBQlxVBNIA/AnZLOrXFMBNEsyPqo/zU3h8ONDDAApKC79VK','eyJhbGciOiJIUzI1NiJ9.eyJzdWIiOiI5Iiwicm9sZXMiOlt7ImF1dGhvcml0eSI6IkRSSVZFUiJ9XSwidHlwZSI6IlJlZnJlc2ggVG9rZW4iLCJpYXQiOjE3MDI1MjkwOTcsImV4cCI6MTcwMzEzMzg5N30.Nk01g3HVmghPyD7AGY3ACeq80cSom3E0q3HGlFDF5Ts','taixe@gmail.com'),(12,_binary '',4,'$2a$10$a.tUKEvg8C.1sgDP.Gj9heoXNlhqb3y0hee6TLqCczscIkJ2cATVe',NULL,'0202020202'),(13,_binary '',1,'$2a$10$a5cSwXD8r73iN/Hw0rY0f.fgh/COrNQM9bOjgoq4mzfsIw1O7tjzi',NULL,'nhanca@gmail.com'),(14,_binary '',1,'$2a$10$mVoKdondUNv8ojM7u4uqiOcUCnph/kGgoNgtftRzZbeC/52DLnE1G',NULL,'kimle020102@gmail.com'),(17,_binary '',2,'$2a$10$ufITTdE4n2kfmZm25N0Ocus4ix6ariI6IKGJEIG7/wVoCvmpKY31u','eyJhbGciOiJIUzI1NiJ9.eyJzdWIiOiIxNSIsInJvbGVzIjpbeyJhdXRob3JpdHkiOiJTVEFGRiJ9XSwidHlwZSI6IkFjY2VzcyBUb2tlbiIsImlhdCI6MTcwMjIyMjM1OSwiZXhwIjoxNzAyODI0MTc3fQ.2zYQXji8TFMmJHC8PVk04u8pmr2o-eSbXZlq_KI9cVM','kimlee020102@gmail.com'),(18,_binary '',3,'$2a$10$Vm95uW5uKpIXAbd1HvCu0.uuNwmiXcakHjszLpyocqjPxTqPwA65G','eyJhbGciOiJIUzI1NiJ9.eyJzdWIiOiIxNiIsInJvbGVzIjpbeyJhdXRob3JpdHkiOiJEUklWRVIifV0sInR5cGUiOiJBY2Nlc3MgVG9rZW4iLCJpYXQiOjE3MDY4NTM1MTMsImV4cCI6MTcwNzQ1MjI4N30.f7XRW-wT02uRCO__2ZzJhr0gF8J1xmI4RsBvHNVL99s','thanh@gmail.com'),(19,_binary '',3,'$2a$10$27KExmTnq7JrN.ZCSueKjuyrvSrJ6DPeHhExy0cbzNshA55UOYvse',NULL,'binh@gmail.com'),(20,_binary '',3,'$2a$10$HssARq2hv4gcwGNKcy4y..fxIQHtCBeywCfs0IYLx4WRaOeQ4bxvu',NULL,'tho@gmail.com'),(21,_binary '',3,'$2a$10$LhhseN9/n2UuSgX.PThSoeXBNkTjGjACfc4DIQkhFl8.yf9zk7D.C',NULL,'dien@gmail.com'),(22,_binary '',3,'$2a$10$PY0n2fezw3UDjPbEKHl8uuAdyxB9iDYdM56H1DH32RQWdMLXLscFm',NULL,'phuket@gmail.com'),(24,_binary '',2,'$2a$10$h3fDezew.gWJ9EHY8Dtz8ugs3Yo4uMJ3C/nehfkiy7FgNERmvvIXW','eyJhbGciOiJIUzI1NiJ9.eyJzdWIiOiIyMiIsInJvbGVzIjpbeyJhdXRob3JpdHkiOiJTVEFGRiJ9XSwidHlwZSI6IlJlZnJlc2ggVG9rZW4iLCJpYXQiOjE3MDUzMzIxNjYsImV4cCI6MTcwNTkzNjk2Nn0.K5FEyot-u7BwkZAsCksij03h_WPjJ6l6cUNMVI5YgOc','thom@gmail.com'),(25,_binary '\0',3,'$2a$10$tC99juaH114Cizh.YrMtfeKKyUSny6Cdd5lMBdvf6fffKGiKWQ1r6',NULL,'thomas@gmail.com'),(26,_binary '',4,'$2a$10$NA6GL/knt.bqaMoVuw2.KOdozKcS06HHoBDTPBznp0ToC9HKeqEYi','eyJhbGciOiJIUzI1NiJ9.eyJzdWIiOiIyNCIsInJvbGVzIjpbeyJhdXRob3JpdHkiOiJDVVNUT01FUiJ9XSwidHlwZSI6IlJlZnJlc2ggVG9rZW4iLCJpYXQiOjE3MDIxOTg1NzcsImV4cCI6MTcwMjgwMzM3N30.lF8CaxsBVehyUfBYz3tGXO85R8a_X5SqrzaRRpLjfV0','01234567891'),(34,_binary '',3,'$2a$10$RRwk1b9WEAT.WymPGrLeNeu4ey4S0VTmEw28dBKY7Z/yiEuY6eCZO',NULL,'kimle1020102@gmail.com'),(36,_binary '',4,'$2a$10$tl60AOE7TkwfeCXOKuZg7eMwshF1RK5Zw3UIKto6JOSTvi6a5Ul9W',NULL,'0302000009'),(38,_binary '',4,'$2a$10$mReKojd0zLixDJaxzv3Y.uj2KSWuw6PXd..ITMXjzpGZstVHie7ki','eyJhbGciOiJIUzI1NiJ9.eyJzdWIiOiIzNiIsInJvbGVzIjpbeyJhdXRob3JpdHkiOiJDVVNUT01FUiJ9XSwidHlwZSI6IlJlZnJlc2ggVG9rZW4iLCJpYXQiOjE3MDI0Nzg3MTIsImV4cCI6MTcwMzA4MzUxMn0.KBaWziD6C9NFQGJ9Q9R53tEOF1HF1x3_NiuDCr7wvb8','0334943334'),(39,_binary '',4,'$2a$10$9PzxUYsIzgTyTTixCXF5KOk0oE0y8uJeoPSlN.bA37zLw.hyHcdmi',NULL,'0123456789'),(40,_binary '',4,'$2a$10$twcNnFQozMXaqWAOxPDMMemmFL26.RvmK153ATA0fkFvtEuw.dhb6','eyJhbGciOiJIUzI1NiJ9.eyJzdWIiOiIzOCIsInJvbGVzIjpbeyJhdXRob3JpdHkiOiJDVVNUT01FUiJ9XSwidHlwZSI6IlJlZnJlc2ggVG9rZW4iLCJpYXQiOjE3MDI0ODc0MTksImV4cCI6MTcwMzA5MjIxOX0.FnAeljgnvksKmjORnZDNy1Me550L1zP-xRs1VEDB7Ks','01234567892'),(41,_binary '',4,'$2a$10$qZSeM5XHT9Q96jD3eVhTGOakZ3Zvyk0Lm7GRtjiMHHtUMlb.iAt2y',NULL,'01010101012'),(42,_binary '',4,'$2a$10$.fdH/9PJUxn1sddj2CEpPeD0IZZgE4/1oQULplLQmHNUyDcfi18ta','eyJhbGciOiJIUzI1NiJ9.eyJzdWIiOiI0MCIsInJvbGVzIjpbeyJhdXRob3JpdHkiOiJDVVNUT01FUiJ9XSwidHlwZSI6IkFjY2VzcyBUb2tlbiIsImlhdCI6MTcwMjk3NTk0MywiZXhwIjoxNzAzMDg1MDg1fQ.1CZBQFGYwjyvHK4tf7_zEpEGAffHiY3oTCZ54jm2uJg','01234567811'),(43,_binary '',4,'$2a$10$kHVmcBqqOA8Ib3qDymMq/eQ58eiKTn1sChmn.TzcEJTKCQNqoMwGW',NULL,'0288348179'),(44,_binary '\0',2,'$2a$10$CaMzGQJke3WlVOGCh2LZbO7LJT6MFzKLHusdvnJqZTzMtSgfXOPU2',NULL,'mnguyen@gmail.com'),(45,_binary '',3,'$2a$10$nJXwhfYWkzSSWtlUxx2HEe7Dsxt5PxGmxyeBVzVFgm9k6ifEtdZkK',NULL,'kimlem020102@gmail.com'),(46,_binary '',3,'$2a$10$bf7aDFZYesCcBGY.Lj5Py.uGJ2.1xrO8eoo2aqxXMKa0UVT0TqDQG',NULL,'dang@gmail.com'),(47,_binary '',3,'$2a$10$vDggLI1xrZwbxOSle38JMOYoUGylaIM.sy1GYmA525x/ALrrD5yZi',NULL,'dangdang@gmail.com'),(48,_binary '',3,'$2a$10$G/EnzHCDgyACdrh6aqiCA.TQfNbO.a69V4W.ZWyVQAO9IjgP8hdiO',NULL,'anhvu@gmail.com'),(49,_binary '',3,'$2a$10$1nksVRSHpyApuD59uV4HXeLQ1b1m7/7DT0g2MR.ZMnh9KUZI7sKim',NULL,'vanchu@gmail.com'),(50,_binary '',3,'$2a$10$BT6LqZPOYtk4i/4C2cz4Be1faU0YZR8I.X05ktFBe11AOeRSCWN0O',NULL,'nguyendan@gmail.com'),(51,_binary '',3,'$2a$10$WMCCDf2GB/kvswWorOP7/u1Q9DoeQoBzbVYh5pzrD74yWi8jIghM6',NULL,'vanchulai@gmail.com'),(52,_binary '',3,'$2a$10$uHJCts9o90CQ6WWxx.jWuudSdXxZ0LJK7UJH6SfVtSUNAwtzz6zTO',NULL,'ninh@gmail.com'),(53,_binary '',3,'$2a$10$0kYrtc2iSvrR8sQSbyN1Iev8JR1m5owyome2z8LYipLj60zshqEii',NULL,'socLe@gmail.com'),(54,_binary '',3,'$2a$10$AbpReLhp8jKemnXQyLt0U.7vPmJ0KNm1sRY06RAzj.CDfl8kq07Yy',NULL,'nghia@gmail.com'),(55,_binary '',3,'$2a$10$IkLwwaOMBwJDGZLx0YBeV.Qkg5A/0C7i3eHUJmAosyUxttTR9IQJm',NULL,'nhann@gmail.com'),(56,_binary '',3,'$2a$10$hTm0jqKw5QT55J0jPHXRuu9pnBsl4l2W/CeOHpM.2f7bAJ8ZrHrwe',NULL,'nhanvien@gmail.com'),(57,_binary '',3,'$2a$10$jaHRlQm4tNn7UPo9KOrmyezzeERhiHKqJRIUYCa0.Wt9dCFq4zRYC',NULL,'tien@gmail.com'),(58,_binary '',3,'$2a$10$nZLPZKaYVexj9.rke0mZ3.T16RbKOIoxYoDMcGNqs3F.5.PGS.K5S',NULL,'len@gmail.com'),(59,_binary '',3,'$2a$10$7hjbzW3wI3Sji6JZZSizTeg6OPy9ivIpCTsvTndZlTuBEg/94DFiK',NULL,'tinhtinh@gmail.com'),(60,_binary '',4,'$2a$10$RqJndYpQU2As3ZMKALrigeM24zITc81TtFduCK14cwhco2euUACZa','eyJhbGciOiJIUzI1NiJ9.eyJzdWIiOiI1OCIsInJvbGVzIjpbeyJhdXRob3JpdHkiOiJDVVNUT01FUiJ9XSwidHlwZSI6IlJlZnJlc2ggVG9rZW4iLCJpYXQiOjE3MDY4NDY3MDAsImV4cCI6MTcwNzQ1MTUwMH0.ppCxL-BoCh4i77DA20dHxRxu79RymLfaw_NvpX1SqZc','0333843255'),(61,_binary '',2,'$2a$10$J3gy.RIU.0fO43o6d.GDL.YQ0exsicfBc0j4Sl1umQY72PtqRAoeW',NULL,'kimle0201023@gmail.com'),(62,_binary '',3,'$2a$10$XZtiWVIuEB4S2BOzWbsze.w03PRLTSMxgNf2TigUVGjkXJKkAEfz2',NULL,'lanh@gmail.com'),(63,_binary '',4,'$2a$10$aimJq9Jm/Bwo03Z1RrHNH.Ls42MlBGFa5MmjAvoE2W1W03CvKLXEm',NULL,'0958607899'),(64,_binary '',4,'$2a$10$fs58n/fK/5MZJZ9xDzjRleLVqmTcj7gp7foU/viE1ixvDAvvgqSq6','eyJhbGciOiJIUzI1NiJ9.eyJzdWIiOiI2MiIsInJvbGVzIjpbeyJhdXRob3JpdHkiOiJDVVNUT01FUiJ9XSwidHlwZSI6IlJlZnJlc2ggVG9rZW4iLCJpYXQiOjE3MDUzMzEyODYsImV4cCI6MTcwNTkzNjA4Nn0.yhtMqW8f9RLDpQBCUieF-9AXwsuM9vzjmw0VzfmguP4','0333843279'),(65,_binary '',4,'$2a$10$COuW/TqEuYUVsP/8nw/Mlu8CYgD0w1BV/UXCombgRxLVHcyUf8tYe',NULL,'0333843567'),(66,_binary '',4,'$2a$10$0QEW1YL8MIOCNxyQnwjas.Oq1WqbCLfvVxoIbGoY7r.llk/ilcJLO',NULL,'0333843560'),(67,_binary '',2,'$2a$10$4Qdaoy78qidhKDbuR7CmBeafZw.XukRpjy5ZxtI72hJ4Dl0lR./gy',NULL,'thanhh@gmail.com'),(68,_binary '\0',2,'$2a$10$z7pljrSI6qpRoD9w2Rlu6uBbfXfUfzh5tzF6Peqs0s/l4xo9kqE0a',NULL,'aanh@gmail.com'),(69,_binary '',1,'$2a$10$vC1QTds.z2FHTS7NQh/QU.QJSOv2wb.WTwbVT6sPdBLg8t8R4rQDm','eyJhbGciOiJIUzI1NiJ9.eyJzdWIiOiI2NyIsInJvbGVzIjpbeyJhdXRob3JpdHkiOiJBRE1JTiJ9XSwidHlwZSI6IkFjY2VzcyBUb2tlbiIsImlhdCI6MTcwNTMwMTE0MCwiZXhwIjoxNzA1OTAzNzcwfQ.XUKzEm1F9Em-nO-_nP7kdEJLNRHR_K9AahumVTPZpWc','bbang@gmail.com'),(70,_binary '',3,'$2a$10$0hEVnFrIxxVofzKOzPAGzuaXYJto5gYIz1cJmmvZp8T/u04l4p.1a',NULL,'aanhsao@gmail.com'),(71,_binary '',2,'$2a$10$DTdnC95G.kkpQn8r/KHKR..OWIV1VuhGtx2RB6R4KuP4JGsny3BxW',NULL,'aaanh@gmail.com'),(72,_binary '',1,'$2a$10$OnJTapc89ZXRO8HqO0f1MuogyDtnLzKSX757XBhGo2cMG6YdgWLhG',NULL,'bbbang@gmail.com'),(73,_binary '',3,'$2a$10$EUCn11tQx7ZEHaRGuAagoehLRdtT2c3XGAd4F7qwXkHGoQLd2nYnq',NULL,'thanhhh@gmail.com'),(74,_binary '',3,'$2a$10$t.QsooRXDq7lANvpVsO6juIHLVCUdcMQCoGp6X4zDvZbawxqsOe5m',NULL,'thanhh3h@gmail.com'),(75,_binary '',4,'$2a$10$2c3Hj7f72Xu9TsQsaI444eV9IZK.MLpIO1sKOfG4UOxX0wpbLLHMO',NULL,'0857843561'),(76,_binary '',2,'$2a$10$YR/5oDseGzaXrdd6xrw/DeAbx9QFI3KDkL.QOExSnfOKeRUCTWxIO',NULL,'aaanhla@gmail.com'),(77,_binary '',3,'$2a$10$PQPvhh72i6liZGLOlyINr.bb2UfpiPn1UCBn.9.YyVTVf201z3wJ2',NULL,'aaannhsao@gmail.com'),(78,_binary '',1,'$2a$10$id5vbiRbZ8EPuF9RNa99WuYTf0HEBC6QlDctUR/vH1Fx1vafYqGhS',NULL,'bbbabang@gmail.com'),(79,_binary '',2,'$2a$10$fANZMHbVga3oeZ6A8v//s.beYzIrUHFlfwzAXUj64eGE72oMp8K2e',NULL,'toa@gmail.com'),(80,_binary '',1,'$2a$10$vVvqS0lvoI0HNFNpXfVDI.Xyh5IpGRNVZ1SKpmGybAvwHlDihgjoG',NULL,'bbssang@gmail.com'),(81,_binary '',3,'$2a$10$sEgbk.mzctijvylNUSj2A.5OLUjx8eE0mVSAsum5NdDkaa.4VSMvm',NULL,'naman@gmail.com'),(82,_binary '',4,'$2a$10$RaoyLJrUBxJfAEvb/cEFlOlKOkMpwaH3VXkf3uUt0Ewd6Ewe7eg0W',NULL,'0202020201'),(83,_binary '',3,'$2a$10$BH0yimTGzbTfCZF9avLoOe28xPISNAr/uRDL5Ynyk/d1CN/Lukliy',NULL,'truongquan@gmail.com'),(85,_binary '',4,'$2a$10$cAKSb/3dIDpEqBc1.czVa..pHYFdtqRJx2uCQQ67EKJQdEendcCOW',NULL,'0346623722'),(86,_binary '',4,'$2a$10$GOXthISawy6kSN..y1ZgtedMq7s7RJ/t5kBfnNnk4KtjAQZ3q.M8C','eyJhbGciOiJIUzI1NiJ9.eyJzdWIiOiI4NCIsInJvbGVzIjpbeyJhdXRob3JpdHkiOiJDVVNUT01FUiJ9XSwidHlwZSI6IkFjY2VzcyBUb2tlbiIsImlhdCI6MTcwNjc4MDYxMCwiZXhwIjoxNzA3MjMxOTAwfQ.J6U3nvKJemboRBJwM6uSO8iI0SUAbpTtbfDpDGah9Sc','0333843260');
/*!40000 ALTER TABLE `account` ENABLE KEYS */;
UNLOCK TABLES;

--
-- Table structure for table `admin`
--

DROP TABLE IF EXISTS `admin`;
/*!40101 SET @saved_cs_client     = @@character_set_client */;
/*!50503 SET character_set_client = utf8mb4 */;
CREATE TABLE `admin` (
  `admin_id` int NOT NULL AUTO_INCREMENT,
  `staff_id` int DEFAULT NULL,
  PRIMARY KEY (`admin_id`),
  UNIQUE KEY `UK_b9v7hm28yi9p62lbe1497ell7` (`staff_id`),
  CONSTRAINT `FKpfjyosx85te798iryn7m6cw1u` FOREIGN KEY (`staff_id`) REFERENCES `staff` (`staff_id`)
) ENGINE=InnoDB AUTO_INCREMENT=8 DEFAULT CHARSET=utf8mb4 COLLATE=utf8mb4_0900_ai_ci;
/*!40101 SET character_set_client = @saved_cs_client */;

--
-- Dumping data for table `admin`
--

LOCK TABLES `admin` WRITE;
/*!40000 ALTER TABLE `admin` DISABLE KEYS */;
INSERT INTO `admin` VALUES (1,1),(2,4),(3,5),(4,12),(5,14),(6,16),(7,18);
/*!40000 ALTER TABLE `admin` ENABLE KEYS */;
UNLOCK TABLES;

--
-- Table structure for table `bill`
--

DROP TABLE IF EXISTS `bill`;
/*!40101 SET @saved_cs_client     = @@character_set_client */;
/*!50503 SET character_set_client = utf8mb4 */;
CREATE TABLE `bill` (
  `id` int NOT NULL AUTO_INCREMENT,
  `refer_code` varchar(255) DEFAULT NULL,
  PRIMARY KEY (`id`)
) ENGINE=InnoDB AUTO_INCREMENT=413 DEFAULT CHARSET=utf8mb4 COLLATE=utf8mb4_0900_ai_ci;
/*!40101 SET character_set_client = @saved_cs_client */;

--
-- Dumping data for table `bill`
--

LOCK TABLES `bill` WRITE;
/*!40000 ALTER TABLE `bill` DISABLE KEYS */;
INSERT INTO `bill` VALUES (4,'B7WRO0Z'),(5,'C9IYKZR'),(6,'E3XXUH8'),(7,'Z62S4TP'),(8,'XEFLA3R'),(9,'2EJPF3D'),(10,'LW0HT09'),(11,'FE04LG4'),(12,'YAMMXQ2'),(13,'HWYZ0RV'),(14,'W2DRX60'),(15,'E3LB6H9'),(16,'ITQKS32'),(17,'SSXHWF3'),(18,'FIIPH2S'),(19,'UMBYFT5'),(20,'6C29OYO'),(21,'2RYQ1E6'),(22,'CLU24Y5'),(23,'V8JGNBI'),(24,'OUR88ZJ'),(25,'HAJP4GJ'),(26,'6GBS6XU'),(27,'ZYQUNHZ'),(28,'73JUKVA'),(29,'IQFU7P5'),(30,'ZTZXZF3'),(31,'Q1C2MSF'),(32,'SHDZPB6'),(33,'SLWJGES'),(34,'25FNOUI'),(35,'1IFX732'),(36,'MYT1CCT'),(37,'OWMTQ74'),(38,'GMRY5EE'),(39,'SO37E5X'),(40,'IHEKVZW'),(41,'ZG56OMI'),(42,'GLHGOKU'),(43,'PROK3I3'),(44,'0N6SMIO'),(45,'Y8PJZ90'),(46,'N2VL0FA'),(47,'F3BCZ7D'),(48,'S4ZNLY3'),(49,'96JL96I'),(50,'WWQTH7C'),(51,'NMZCUO4'),(52,'3HUF66M'),(53,'RLJ1GME'),(54,'ZNVQ2MD'),(55,'3EDVCD3'),(56,'Z4NC21F'),(57,'3F8O2V8'),(58,'RST9ZLV'),(59,'Y9DZX95'),(60,'ZFKSMZD'),(61,'LPABDWG'),(62,'8R8QT0L'),(63,'ACFYIZ4'),(64,'3MXY8ZL'),(65,'KA9K3SL'),(66,'EBLHIUK'),(67,'T7HZF6O'),(68,'Z1LQ22A'),(69,'34ILKLZ'),(70,'Z019G31'),(71,'IUAMC6D'),(72,'QR9WURV'),(73,'KM3IF9S'),(74,'LEL11CZ'),(75,'X7RLDM6'),(76,'Y5BMHQM'),(77,'HJ662G2'),(78,'K2BWX3A'),(79,'X5KSNRY'),(80,'060I02K'),(81,'XZ8QRU8'),(82,'99RK4V3'),(83,'8UKF2W8'),(84,'C1E35JL'),(85,'DZHFPZN'),(86,'XRM0YHE'),(87,'1H8M3JU'),(88,'W5JN9ZT'),(89,'0RE7KEV'),(90,'KQSIKSI'),(91,'7BGTEDH'),(92,'B1MLBTL'),(93,'WWTX1RS'),(94,'Q70VCOX'),(95,'DGAOLUT'),(96,'XKGN200'),(97,'EAYT2SU'),(98,'G1TV0IU'),(99,'7UPUXJ4'),(100,'RMWMPFO'),(101,'NBH442E'),(102,'D2D458I'),(103,'ASJ6E10'),(104,'X15U4Q2'),(105,'V8SY0F6'),(106,'DTITZ0A'),(107,'S9D5SNX'),(108,'J2F0PKX'),(109,'3GL5F44'),(110,'YSWZMLP'),(111,'FK3MQXK'),(112,'GD3ICKT'),(113,'3NTCQFU'),(114,'7K6KU1P'),(115,'535FWO5'),(116,'R79FBHX'),(117,'RTTSUCB'),(118,'Z9ZQ094'),(119,'KWU4Z5T'),(120,'TC1T00M'),(121,'Q2U8JKM'),(122,'VPCAQCM'),(123,'9KNCVVL'),(124,'93OYBYG'),(125,'7DILL7Z'),(126,'1NH6P30'),(127,'GCD5E5K'),(128,'9NYH9MO'),(129,'R64OF5O'),(130,'SZDVADF'),(131,'WC7TCAU'),(132,'QNY3UR5'),(133,'V6E03G4'),(134,'8JRMEU6'),(135,'ZTG1P4V'),(136,'F327K96'),(137,'LRIJFDY'),(138,'IPWXJIK'),(139,'CFHII14'),(140,'FOIMB57'),(141,'XK9736Q'),(142,'QY432D4'),(143,'SCU2JGX'),(144,'AQQK2R2'),(145,'LO42QGQ'),(146,'9D9DWGF'),(147,'6QWDZZ7'),(148,'A1DUR1O'),(149,'1HVK30Z'),(150,'5XCD479'),(151,'CI6OVSD'),(152,'XC3QBLQ'),(153,'RVBGXS1'),(154,'TNYP4CS'),(155,'PCUZI9S'),(156,'8GL3SGY'),(157,'JOF15GQ'),(158,'N9DVDXB'),(159,'8S1GAEP'),(160,'TTE6DLS'),(161,'OCC0647'),(162,'EQYEZHZ'),(163,'LXDCFXT'),(164,'WRE0UID'),(165,'550C98S'),(166,'11HFMLP'),(167,'CVDHD9M'),(168,'A7KODBB'),(169,'KYTS7W1'),(170,'3FFL3XY'),(171,'F8NGRF4'),(172,'7AZ4TN1'),(173,'ZAJDPW8'),(174,'VV4F0ZA'),(175,'ALTYSIA'),(176,'UZO9NX6'),(177,'Y91BLEK'),(178,'E66L6C6'),(179,'LCQFUWN'),(180,'VQSXV26'),(181,'IW6A7EC'),(182,'8VDK5CJ'),(183,'IRC9ZR6'),(184,'M7HQ0MV'),(185,'J1BOCRV'),(186,'17B7KGT'),(187,'KUPWMOP'),(188,'SFSB1C9'),(189,'97OE5L9'),(190,'BGEF52B'),(191,'TAF435L'),(192,'YM9MU7C'),(193,'MTHCN34'),(194,'DBMPFH7'),(195,'QASTBA3'),(196,'0G983ET'),(197,'R7A6IL6'),(198,'F8O2LP4'),(199,'WEEHJE4'),(200,'W96QO79'),(201,'PT4YA20'),(202,'GJH3GJZ'),(203,'KLJ5TCS'),(204,'Y2TEGL5'),(205,'TO4T6DH'),(206,'D4B62KF'),(207,'GTRWE5B'),(208,'2CZK0EP'),(209,'MV5MUKU'),(210,'94R1UPK'),(211,'J3IP5D3'),(212,'EF511BY'),(213,'73WM3H1'),(214,'D9SLDJN'),(215,'NOVZZOE'),(216,'6N1CZ11'),(217,'63B4883'),(218,'P7PB9DR'),(219,'96ECD5U'),(220,'LIQJBTO'),(221,'89352MD'),(222,'G363QPB'),(223,'9S4G4AG'),(224,'PTG63UJ'),(225,'CQY8EG6'),(226,'P0RY9PW'),(227,'ZXHGAA8'),(228,'X8IWI6L'),(229,'N7JEQZ1'),(230,'4I0MPJR'),(231,'BQ8KGYB'),(232,'7ZS11R7'),(233,'FJXHRZY'),(234,'D1HFNCJ'),(235,'6O0OEZ4'),(236,'RI4PNTW'),(237,'7ZNKAX8'),(238,'ZT3J94D'),(239,'46200X3'),(240,'QD957HF'),(241,'GLD9BB1'),(242,'1FGIUFB'),(243,'FUIBHCI'),(244,'EDNNLLR'),(245,'AEQCTAV'),(246,'W2NZ8XJ'),(247,'F4XN46I'),(248,'TDGQC8R'),(249,'HNE0Y6I'),(250,'IY4X6HJ'),(251,'PP3A5Q9'),(252,'RPNRWN0'),(253,'0NZ3XQV'),(254,'E5ON9MC'),(255,'0QSSAG0'),(256,'F4138OC'),(257,'KYSHQCE'),(258,'1YNBHD4'),(259,'OLCE3RZ'),(260,'N3PAMKT'),(261,'8ZE6RQV'),(262,'P66B0AU'),(263,'BQMAYNN'),(264,'0JNR3K0'),(265,'ZZIGWVL'),(266,'4HG4L71'),(267,'3O4DQ6U'),(268,'IRCB6MU'),(269,'7CAJUGG'),(270,'KEDB9EL'),(271,'ICB9YN5'),(272,'JMA0F1J'),(273,'QCHDUXH'),(274,'M0IMH94'),(275,'YDI3JKP'),(276,'FOL2ZM0'),(277,'PTKYNL6'),(278,'TPYXRAJ'),(279,'01L9XQP'),(280,'WQR4OHD'),(281,'W3VWKR4'),(282,'WNQOAGB'),(283,'76IIEHR'),(284,'4VR087J'),(285,'88YQCYE'),(286,'AQSBI6K'),(287,'NTXN98W'),(288,'43K3IFL'),(289,'KA1UGIU'),(290,'JGS4JS0'),(291,'G8QMBOX'),(292,'JLI5RZS'),(293,'HNRH8LR'),(294,'01EDEDP'),(295,'CWIXIH0'),(296,'5NQMJID'),(297,'NXXS2OI'),(298,'9XTL6HB'),(299,'JOFAQIA'),(300,'RKVEUNT'),(301,'928066M'),(302,'VI0J5HQ'),(303,'RX2M8S2'),(304,'IHF6YL9'),(305,'QYWWS33'),(306,'D02X38Q'),(307,'MWNYSAZ'),(308,'B9ICRLA'),(309,'B150NO3'),(310,'21IYYMD'),(311,'N8MO8NX'),(312,'69D8O9V'),(313,'ZCTJDMU'),(314,'T2C93KS'),(315,'C24G523'),(316,'BVX3VK2'),(317,'61IAZLO'),(318,'UNV91EY'),(319,'EORJH3Y'),(320,'20LD207'),(321,'VVFCAW3'),(322,'F4UCFSY'),(323,'9UCBTMA'),(324,'L8QSJ5M'),(325,'SU5LOTS'),(326,'9Z9SSVU'),(327,'0JDLIEM'),(328,'8RPQ4V4'),(329,'99KK1QR'),(330,'PR9H5SJ'),(331,'4AP5G5G'),(332,'QLEGJCV'),(333,'A2TZKHS'),(334,'QDAXLTL'),(335,'SHZ38WW'),(336,'NPJLYBS'),(337,'HE39LOK'),(338,'YSQ9CEO'),(339,'4NKU2SJ'),(340,'XPIFXF4'),(341,'HK2OH5Z'),(342,'U2PKMR9'),(343,'NL6YSWD'),(344,'TIT0LNE'),(345,'STT2NYV'),(346,'20TC07T'),(347,'WKGZ4OH'),(348,'SMN6KMA'),(349,'2LUO8JN'),(350,'6J0JGUK'),(351,'13APXI8'),(352,'HPM3L3S'),(353,'77THC1J'),(354,'T3VOVLZ'),(355,'AP5PSXY'),(356,'CEWYW8X'),(357,'R8B6Q9T'),(358,'11IDZ5S'),(359,'U5IBA42'),(360,'81TUV2D'),(361,'SIHGB5J'),(362,'DC6C0HG'),(363,'7RES2DT'),(364,'6RAU2L5'),(365,'G14JSW4'),(366,'AQT50LE'),(367,'Y0W75HX'),(368,'RS3PRBI'),(369,'NE2EOAU'),(370,'FNTHTEG'),(371,'1X9MDHF'),(372,'QBQY4QV'),(373,'2SHS7M3'),(374,'9F2DJPZ'),(375,'WBASGPQ'),(376,'WOW81IP'),(377,'BZ4Z6AT'),(378,'E4VX0Y0'),(379,'GES5WKB'),(380,'VH6FKY7'),(381,'ZFBG2G5'),(382,'1GTMNHC'),(383,'6F59PDW'),(384,'KHK2721'),(385,'SFTAI3Y'),(386,'MPJSGSW'),(387,'75XNLMG'),(388,'7JI3RFH'),(389,'HIAZ3EA'),(390,'68RMGPI'),(391,'M5I16TC'),(392,'6Y8SVHK'),(393,'HVW4W0K'),(394,'0W3WTBV'),(395,'J9KOY3G'),(396,'UDLB6V4'),(397,'X9DJS82'),(398,'DWSGCNJ'),(399,'0J6S4FM'),(400,'86GHTN5'),(401,'4XHPR84'),(402,'W4LECSY'),(403,'4M7NTMH'),(404,'2NVEAUK'),(405,'T1M7EFK'),(406,'KFCY8XI'),(407,'VOWN16N'),(408,'PMO4HUI'),(409,'N95V2P2'),(410,'L5XXRYS'),(411,'6A1ER7Y'),(412,'ASZRSGN');
/*!40000 ALTER TABLE `bill` ENABLE KEYS */;
UNLOCK TABLES;

--
-- Table structure for table `booking`
--

DROP TABLE IF EXISTS `booking`;
/*!40101 SET @saved_cs_client     = @@character_set_client */;
/*!50503 SET character_set_client = utf8mb4 */;
CREATE TABLE `booking` (
  `booking_user_id` int DEFAULT NULL,
  `conduct_staff_id` int DEFAULT NULL,
  `drop_station` int DEFAULT NULL,
  `is_ticketing` bit(1) NOT NULL,
  `pick_station` int DEFAULT NULL,
  `ticket_number` int NOT NULL,
  `transaction_id` int DEFAULT NULL,
  `trip_id` int DEFAULT NULL,
  `code` varchar(7) NOT NULL,
  `booking_date` datetime(6) NOT NULL,
  `email` varchar(45) NOT NULL,
  `status` varchar(45) NOT NULL,
  `tel` varchar(45) NOT NULL,
  `name` varchar(255) DEFAULT NULL,
  PRIMARY KEY (`code`),
  UNIQUE KEY `UK_qb4wlileescdojk32x9qebrjc` (`transaction_id`),
  KEY `FK81p15i3m6sq98wnog6dyuygxc` (`booking_user_id`),
  KEY `FKjjrugfvtfq4dwf7npgj5c80a8` (`conduct_staff_id`),
  KEY `FKerce2395050fsisr39jeuu0at` (`drop_station`),
  KEY `FKklv1yj5xnmnxix57eptr1p038` (`pick_station`),
  KEY `FKkp5ujmgvd2pmsehwpu2vyjkwb` (`trip_id`),
  CONSTRAINT `FK5ify3pjpncs24hq6yexr3tugf` FOREIGN KEY (`transaction_id`) REFERENCES `transaction` (`id`),
  CONSTRAINT `FK81p15i3m6sq98wnog6dyuygxc` FOREIGN KEY (`booking_user_id`) REFERENCES `user` (`id`),
  CONSTRAINT `FKerce2395050fsisr39jeuu0at` FOREIGN KEY (`drop_station`) REFERENCES `stop_station` (`id`),
  CONSTRAINT `FKjjrugfvtfq4dwf7npgj5c80a8` FOREIGN KEY (`conduct_staff_id`) REFERENCES `staff` (`staff_id`),
  CONSTRAINT `FKklv1yj5xnmnxix57eptr1p038` FOREIGN KEY (`pick_station`) REFERENCES `stop_station` (`id`),
  CONSTRAINT `FKkp5ujmgvd2pmsehwpu2vyjkwb` FOREIGN KEY (`trip_id`) REFERENCES `trip` (`id`)
) ENGINE=InnoDB DEFAULT CHARSET=utf8mb4 COLLATE=utf8mb4_0900_ai_ci;
/*!40101 SET character_set_client = @saved_cs_client */;

--
-- Dumping data for table `booking`
--

LOCK TABLES `booking` WRITE;
/*!40000 ALTER TABLE `booking` DISABLE KEYS */;
INSERT INTO `booking` VALUES (6,NULL,9,_binary '\0',10,1,13,4,'07K64R','2023-11-13 15:36:23.017881','20110248@student.hcmute.edu.vn','Thành công','09090909091','Lê Thị Kim Lệ'),(NULL,NULL,2,_binary '\0',1,3,NULL,1,'0K2A4E','2023-12-26 23:52:40.961809','thanh@gmail.com','Đã hủy','09090909055','Lê Thị Kim Lệ'),(58,NULL,2,_binary '\0',1,4,98,1,'0KVZIJ','2024-01-10 22:47:06.608741','lam@example.com','Thành công','0333843255','Nguyễn Ánh'),(NULL,NULL,2,_binary '\0',1,1,NULL,1,'0N30WD','2024-01-10 17:42:55.140073','kimme@gmail.com','Giữ chỗ','0333843252','Kim Nguyễn'),(58,NULL,2,_binary '\0',1,2,114,1,'0N518M','2024-01-12 11:52:05.073565','lam@example.com','Thành công','0333843255','Nguyễn Ánh'),(NULL,1,2,_binary '\0',1,3,NULL,1,'0Q6IEU','2024-01-02 09:52:47.192537','','Giữ chỗ','03563986320','Giản Tùy Lâm'),(7,NULL,30,_binary '\0',27,1,NULL,9,'0V0F9B','2023-12-12 16:04:36.107017','quan@gmail.com','Giữ chỗ','0363636363','Lê Trung Quân'),(7,NULL,54,_binary '\0',51,2,31,15,'0ZZXYN','2023-12-13 15:03:39.662118','camnguyentqnk@gmail.com','Thành công','0101010101','Đặng Vi'),(58,NULL,2,_binary '\0',1,2,118,1,'12XJC6','2024-01-12 13:18:05.326137','lam@example.com','Thành công','0333843255','Nguyễn Ánh'),(NULL,NULL,2,_binary '\0',1,1,57,1,'17RIW3','2023-12-17 21:49:34.252707','hfdhf@gmail.com','Thành công','0359264062','hfthfg'),(84,NULL,2,_binary '\0',1,1,199,1,'1ABRQE','2024-01-30 22:05:45.348071','bao@gmail.com','Thành công','0333843260','Kim Báo'),(NULL,7,2,_binary '\0',1,2,135,1,'1BG53Y','2024-01-12 21:25:55.147695','','Thành công','0123456789','Nguyen Van A'),(NULL,12,2,_binary '\0',1,2,NULL,1,'1G8NJ9','2024-01-15 11:45:33.361255','','Giữ chỗ','0909033523','Lê Lâm'),(NULL,1,2,_binary '\0',1,2,NULL,1,'1HQU77','2024-01-01 23:51:53.168482','','Giữ chỗ','0978908123','Le Hinh'),(NULL,NULL,2,_binary '\0',1,1,NULL,1,'1KJPA8','2023-12-18 00:08:10.584131','bichlienja@gmail.com','Giữ chỗ','0971478922','Nguyễn Liên'),(6,NULL,15,_binary '\0',17,5,NULL,6,'1R3T3I','2023-11-13 13:56:18.079235','20110248@student.hcmute.edu.vn','Đã hủy','09090909091','Lê Thị Kim Lệ'),(58,NULL,2,_binary '\0',1,1,NULL,1,'1ZF9TA','2024-01-15 17:21:59.672463','lam@example.com','Giữ chỗ','0333843255','Nguyễn Ánh'),(7,NULL,5,_binary '\0',2,1,33,1,'226N4V','2023-12-13 15:53:20.369602','camnguyentqnk@gmail.com','Thành công','0101010101','Đặng Vi'),(NULL,1,2,_binary '\0',1,2,90,1,'269HGT','2024-01-02 09:47:11.549329','','Thành công','0130202040','Nguyễn Minh Tiến Linh'),(7,NULL,2,_binary '\0',1,2,62,1,'28U2JT','2023-12-23 11:40:53.444862','camnguyentqnk@gmail.com','Thành công','0101010101','Nguyên Cẩm Cẩm'),(NULL,NULL,8,_binary '\0',7,5,NULL,3,'2JAM8Y','2023-12-24 09:16:59.429017','kimle1020102@gmail.com','Giữ chỗ','09881141134','Kim Le'),(NULL,NULL,2,_binary '\0',1,1,NULL,1,'2LWXF3','2024-01-10 17:44:47.461108','kimme@gmail.com','Giữ chỗ','0333843252','Kim Nguyễn'),(NULL,7,2,_binary '\0',1,1,156,1,'2O3SDJ','2024-01-14 14:39:10.872585','','Thành công','0990433513','Lê Thị Ngôn Ho'),(NULL,NULL,2,_binary '\0',1,5,39,1,'2Q5E4M','2023-12-14 14:02:09.886305','haibara@gmail.com','Thành công','09019534533','Lê Ngân'),(7,NULL,2,_binary '\0',1,2,17,1,'2XAI6G','2023-11-18 17:03:25.127691','camnguyentqnk@gmail.com','Thành công','0101010101','Nguyễn Minh Thiện'),(58,NULL,2,_binary '\0',1,2,188,1,'2XLEN1','2024-01-15 21:57:26.687639','lam@example.com','Thành công','0333843255','Nguyễn Ánh'),(58,NULL,2,_binary '\0',1,4,202,1,'30CZ9T','2024-02-01 21:39:32.129931','lam@example.com','Thành công','0333843255','Nguyễn Ánh'),(NULL,NULL,8,_binary '\0',7,5,NULL,3,'32RT7M','2023-12-24 08:54:35.323799','kimle020102@gmail.com','Giữ chỗ','0909090909','Nguyễn Nga'),(NULL,1,23,_binary '\0',26,1,NULL,8,'361ZV5','2023-11-24 14:44:10.273832','','Giữ chỗ','09090909090','Ngân'),(NULL,7,2,_binary '\0',1,2,107,1,'3X9RW9','2024-01-11 16:25:02.503985','','Thành công','0123456789','Nguyen Van A'),(NULL,1,2,_binary '\0',1,7,NULL,1,'40FJ8B','2024-01-01 23:41:47.928226','','Giữ chỗ','0978908904','Nguyễn Ngân'),(NULL,7,2,_binary '',1,2,108,1,'40I0XM','2024-01-11 15:33:54.432347','','Thành công','0909090907','Lê Thị Kim Lệ'),(58,NULL,2,_binary '\0',1,1,196,1,'43XNIP','2024-01-15 22:22:28.519970','lam@example.com','Thành công','0333843255','Nguyễn Ánh'),(NULL,1,2,_binary '\0',1,12,88,1,'44QQYL','2024-01-01 23:04:27.199350','','Thành công','0909090909','Lê Thị Kim Lệ'),(58,NULL,2,_binary '\0',1,1,NULL,1,'4AIJH2','2024-01-10 21:32:33.394715','lam@example.com','Đã hủy','0333843255','Nguyễn Ánh'),(NULL,1,2,_binary '\0',1,4,NULL,1,'4F05D9','2023-11-28 22:18:54.275514','','Giữ chỗ','0123456789','Trương Mỹ Lan'),(58,NULL,2,_binary '\0',1,2,138,1,'4FPV4O','2024-01-13 01:35:12.741104','lam@example.com','Thành công','0333843255','Nguyễn Ánh'),(58,NULL,2,_binary '\0',1,2,182,1,'4OP8XK','2024-01-15 12:29:47.907275','lam@example.com','Thành công','0333843255','Nguyễn Ánh'),(NULL,1,1,_binary '\0',2,2,3,1,'4UIJVR','2023-11-12 18:55:30.239237','camnguyentqnk@gmail.com','Thành công','03452632120','Lý Liên Hoa'),(NULL,NULL,2,_binary '\0',1,2,NULL,1,'4YKIL3','2023-12-26 22:44:26.625476','thanh@gmail.com','Giữ chỗ','09090909055','Lê Thị Kim Lệ'),(58,NULL,2,_binary '\0',1,1,NULL,1,'547LCZ','2024-01-14 14:54:37.246947','lam@example.com','Giữ chỗ','0333843255','Nguyễn Ánh'),(NULL,NULL,2,_binary '\0',1,1,NULL,1,'59UD8O','2024-01-10 21:57:21.709745','kimme@gmail.com','Đã hủy','0333843252','Kim Nguyễn'),(NULL,NULL,2,_binary '\0',1,1,NULL,1,'5ADYNW','2024-01-10 21:04:16.857745','kimme@gmail.com','Giữ chỗ','0333843252','Kim Nguyễn'),(6,NULL,9,_binary '',10,1,14,4,'5DJRKI','2023-11-13 15:38:42.265695','20110248@student.hcmute.edu.vn','Thành công','09090909091','Lê Thị Kim Lệ'),(NULL,1,2,_binary '\0',1,2,173,1,'5EOSPA','2024-01-14 23:04:10.111662','','Thành công','0903902039','Chí Hùng'),(NULL,NULL,2,_binary '\0',1,3,NULL,1,'5JH89D','2024-01-12 13:36:29.714712','kimme@gmail.com','Giữ chỗ','0333843252','Kim Nguyễn'),(NULL,NULL,2,_binary '\0',1,1,NULL,1,'5PLW5T','2023-11-12 23:05:52.340820','anan@gmail.com','Giữ chỗ','0345636362','Lê An Huyền'),(58,NULL,3,_binary '\0',1,1,117,1,'5VLGN7','2024-01-12 12:11:01.736571','lam@example.com','Thành công','0333843255','Nguyễn Ánh'),(6,NULL,2,_binary '\0',1,2,NULL,1,'6M6FKM','2024-01-14 14:30:32.558570','20110248@student.hcmute.edu.vn','Đã hủy','09090909091','Lê Thị Kim Lệ Kim Tân'),(6,NULL,3,_binary '\0',1,1,25,1,'6NTLD9','2023-12-10 15:17:05.021709','20110248@student.hcmute.edu.vn','Thành công','09090909091','Lê Thị Kim Lệ Kim Tân'),(58,NULL,2,_binary '\0',1,1,162,1,'6RP9Y0','2024-01-14 15:35:09.462559','lam@example.com','Thành công','0333843255','Nguyễn Ánh'),(NULL,1,2,_binary '\0',1,7,NULL,1,'6SRBZ8','2024-01-01 23:40:53.993795','','Giữ chỗ','0978908903','Nguyễn Ngân'),(NULL,NULL,2,_binary '\0',1,1,159,1,'6T2V79','2024-01-14 14:53:11.050536','kimme@gmail.com','Thành công','0333843252','Kim Nguyễn'),(58,NULL,3,_binary '\0',1,1,161,1,'72KS1V','2024-01-14 15:34:48.562175','lam@example.com','Thành công','0333843255','Nguyễn Ánh'),(7,NULL,31,_binary '\0',27,1,NULL,9,'7471D6','2023-12-13 15:23:55.032053','vivivivi@gmail.com','Giữ chỗ','0101010101','Đặng Vi'),(6,NULL,16,_binary '\0',17,1,NULL,6,'77WE8Y','2023-11-19 15:13:48.583405','20110248@student.hcmute.edu.vn','Đã hủy','09090909091','Lê Thị Kim Lệ Kim'),(NULL,NULL,2,_binary '\0',1,3,171,1,'7D6078','2024-01-14 15:50:15.282726','kimme@gmail.com','Thành công','0333843252','Kim Nguyễn'),(NULL,NULL,2,_binary '\0',1,1,NULL,1,'7UA2NP','2024-01-12 11:02:21.558152','kimme@gmail.com','Đã hủy','0333843252','Kim Nguyễn'),(58,NULL,2,_binary '\0',1,1,NULL,1,'7VOWVQ','2024-01-12 13:37:08.921658','lam@example.com','Giữ chỗ','0333843255','Nguyễn Ánh'),(6,NULL,63,_binary '',65,3,16,18,'85EM4Z','2023-11-16 21:55:27.778230','20110248@student.hcmute.edu.vn','Thành công','09090909091','Lê Thị Kim Lệ'),(NULL,1,2,_binary '\0',1,2,92,1,'884MSZ','2024-01-02 09:51:47.030586','','Thành công','0169365638','Lê Diệu'),(NULL,NULL,2,_binary '\0',1,2,NULL,1,'88GXKV','2023-12-26 23:48:37.104130','thanh@gmail.com','Đã hủy','09090909055','Lê Thị Kim Lệ'),(NULL,7,2,_binary '',1,2,123,1,'8JQKGP','2024-01-12 01:13:11.306670','','Thành công','0909090908','Lê Thị Kim Lệ'),(58,NULL,2,_binary '\0',1,1,105,1,'8K2RW9','2024-01-11 12:40:53.194934','lam@example.com','Thành công','0333843255','Nguyễn Ánh'),(58,NULL,2,_binary '\0',1,1,172,1,'8RT6II','2024-01-14 15:51:27.667809','lam@example.com','Thành công','0333843255','Nguyễn Ánh'),(84,NULL,4,_binary '\0',5,1,198,2,'8WXXQD','2024-01-30 21:59:56.214218','bao@gmail.com','Thành công','0333843260','Kim Báo'),(NULL,7,2,_binary '\0',1,2,NULL,1,'91FW9J','2023-12-17 15:03:18.261605','','Giữ chỗ','0443843290','Lê Vân'),(NULL,NULL,2,_binary '\0',1,1,NULL,1,'91LW2S','2024-01-15 22:10:02.862303','kimme@gmail.com','Đã hủy','0333843252','Kim Nguyễn'),(NULL,NULL,8,_binary '\0',7,2,NULL,3,'92C91S','2023-12-24 09:08:20.779985','kimle020102@gmail.com','Giữ chỗ','09090909091','Phạm Văn Chu'),(58,NULL,2,_binary '\0',1,1,200,1,'92HFJA','2024-02-01 17:20:30.938002','lam@example.com','Thành công','0333843255','Nguyễn Ánh'),(NULL,NULL,2,_binary '\0',1,1,95,1,'96CBRZ','2024-01-10 21:05:53.137830','thanh@gmail.com','Thành công','0909090908','Lê Thị Kim Lệ'),(58,NULL,2,_binary '\0',1,2,85,1,'9884YG','2023-12-27 01:13:51.614730','kimle0201021@gmail.com','Thành công','0333843255','Nguyễn Lực'),(24,NULL,22,_binary '\0',19,3,27,7,'9G81G6','2023-12-10 15:56:51.709118','kimle020102@gmail.com','Thành công','01234567891','Lê Kim Ngân'),(NULL,NULL,2,_binary '\0',1,1,6,1,'9KR4BQ','2023-11-12 22:57:45.325601','thuthu@gmail.com','Thành công','0345636362','Lê Anh Thư'),(NULL,12,2,_binary '\0',1,2,176,1,'9OVNMR','2024-01-15 11:52:58.376419','','Thành công','0333846732','Lê Thị Kim Lệ'),(NULL,NULL,8,_binary '\0',7,5,NULL,3,'9R6XGM','2023-12-24 09:14:28.508276','kimle020102@gmail.com','Giữ chỗ','09090909095','Phạm Văn Dung'),(NULL,NULL,15,_binary '\0',17,5,NULL,6,'9URA28','2023-11-13 12:30:36.610983','donthandochai123@gmail.com','Đã hủy','09090905678','kimle'),(6,NULL,2,_binary '\0',1,2,47,1,'9VPIDB','2023-12-17 15:26:04.354565','20110248@student.hcmute.edu.vn','Thành công','0842509080','Kim Le'),(6,NULL,22,_binary '\0',19,1,26,7,'9X7IG5','2023-12-10 15:23:34.357890','20110248@student.hcmute.edu.vn','Thành công','09090909091','Lê Thị Kim Lệ Kim Tân'),(NULL,7,2,_binary '',1,2,149,1,'9XTNYV','2024-01-14 14:21:20.374228','','Thành công','0909033513','Lê Thị Ngô'),(NULL,1,15,_binary '\0',17,1,NULL,6,'9ZYC5Y','2023-11-24 14:50:19.954321','','Giữ chỗ','09090909090','Ngân'),(NULL,7,2,_binary '\0',1,2,NULL,1,'A404AK','2024-01-15 11:41:59.996297','','Giữ chỗ','0123456789','Nguyen Van A'),(NULL,1,2,_binary '\0',1,1,19,1,'A4MVN8','2023-11-19 14:28:32.992360','camnguyentqnk@gmail.com','Thành công','0340363023','Linh Liên'),(NULL,NULL,2,_binary '\0',1,1,NULL,1,'AAZB8I','2024-01-10 21:01:29.673010','kimme@gmail.com','Giữ chỗ','0333843252','Kim Nguyễn'),(NULL,7,2,_binary '',1,1,124,1,'AC9X3Q','2024-01-12 01:18:54.477321','','Thành công','0909090908','Lê Thị Kim Lệ'),(58,NULL,2,_binary '\0',1,1,166,1,'AKHYHA','2024-01-14 15:44:14.547842','lam@example.com','Thành công','0333843255','Nguyễn Ánh'),(NULL,NULL,8,_binary '\0',7,5,NULL,3,'AKVM7M','2023-12-24 09:30:24.564249','kimle1020102@gmail.com','Giữ chỗ','0934023030','Kim Le'),(58,NULL,2,_binary '\0',1,2,179,1,'AM4B1U','2024-01-15 12:14:32.788383','lam@example.com','Thành công','0333843255','Nguyễn Ánh'),(NULL,NULL,15,_binary '\0',18,5,NULL,6,'AZ52XH','2023-11-13 14:03:50.813977','donthandochai123@gmail.com','Giữ chỗ','09090909091','Ngô Bảo Lượng'),(NULL,1,15,_binary '\0',17,1,NULL,6,'B4DV4V','2023-11-24 14:32:26.704152','','Giữ chỗ','090909090','Kim'),(58,NULL,3,_binary '\0',1,1,113,1,'B51WRR','2024-01-12 11:02:07.296873','lam@example.com','Thành công','0333843255','Nguyễn Ánh'),(NULL,NULL,2,_binary '\0',1,3,NULL,1,'B90XDE','2023-12-27 00:25:08.097026','thanh@gmail.com','Đã hủy','09090909055','Lê Thị Kim Lệ'),(NULL,NULL,4,_binary '\0',6,4,NULL,2,'B968DV','2023-11-13 15:11:58.306304','donthandochai123@gmail.com','Giữ chỗ','09090905678','Ngô Bảo Lượng'),(6,NULL,9,_binary '\0',10,4,NULL,4,'BDQJDR','2023-11-13 15:24:07.261722','20110248@student.hcmute.edu.vn','Đã hủy','09090909091','Lê Thị Kim Lệ'),(58,NULL,3,_binary '\0',1,2,189,1,'BFHHDQ','2024-01-15 21:58:25.657564','lam@example.com','Thành công','0333843255','Nguyễn Ánh'),(6,NULL,16,_binary '\0',17,5,12,6,'BMXENG','2023-11-13 11:34:37.495657','20110248@student.hcmute.edu.vn','Thành công','09090909091','Lê Thị Kim Lệ'),(NULL,1,2,_binary '',1,2,120,1,'BP0V5G','2024-01-12 15:31:20.388740','','Thành công','0909090908','Lê Thị Kim Lệ'),(58,NULL,2,_binary '\0',1,3,86,1,'BQ72MY','2023-12-27 01:14:46.949774','kimle0201021@gmail.com','Thành công','0333843255','Nguyễn Lực'),(NULL,NULL,3,_binary '\0',1,2,NULL,1,'BQAAJJ','2023-12-26 21:36:07.860605','thanh@gmail.com','Đã hủy','09090909055','Lê Thị Kim Lệ'),(NULL,NULL,16,_binary '\0',17,3,NULL,6,'BU5HTG','2023-11-13 13:59:06.697849','20110248@student.hcmute.edu.vn','Giữ chỗ','09090909091','Kim Lệ'),(NULL,1,2,_binary '\0',1,7,NULL,1,'BUM6YI','2024-01-01 23:28:15.584740','','Giữ chỗ','0909090907','Le Nam'),(58,NULL,2,_binary '\0',1,3,NULL,1,'C2YGUU','2023-12-27 01:17:36.737675','kimle0201021@gmail.com','Đã hủy','0333843255','Nguyễn Lực'),(NULL,12,3,_binary '',1,2,184,1,'C3PTLU','2024-01-15 12:44:28.206680','','Thành công','0366643255','Ngô Châu'),(NULL,NULL,16,_binary '\0',17,5,NULL,6,'C5Y1QV','2023-11-13 11:51:22.068239','20110248@student.hcmute.edu.vn','Giữ chỗ','09090905678','Kim Lệ'),(7,NULL,22,_binary '\0',19,1,32,7,'C7NP42','2023-12-13 15:25:25.843915','camnguyentqnk@gmail.com','Thành công','0101010101','Đặng Vi'),(NULL,NULL,2,_binary '\0',1,1,96,1,'C7P6QS','2024-01-10 21:23:58.564461','kimme@gmail.com','Thành công','0333843252','Kim Nguyễn'),(NULL,7,2,_binary '\0',1,2,NULL,1,'C828TY','2024-01-14 15:51:09.872751','','Giữ chỗ','0123456789','Nguyen Van A'),(58,NULL,2,_binary '\0',1,2,115,1,'CK0J3D','2024-01-12 11:53:24.304597','lam@example.com','Thành công','0333843255','Nguyễn Ánh'),(NULL,7,2,_binary '',1,2,122,1,'CK7NIY','2024-01-12 00:55:54.363531','','Thành công','0909090908','Lê Thị Kim Lệ'),(NULL,1,2,_binary '\0',1,1,61,1,'CKU0X7','2023-12-23 11:38:22.075763','','Thành công','0360456820','Triệu Cẩm Tân'),(58,NULL,2,_binary '\0',1,2,164,1,'CQCU42','2024-01-14 15:38:01.155459','lam@example.com','Thành công','0333843255','Nguyễn Ánh'),(NULL,NULL,2,_binary '\0',1,3,72,1,'CU79PY','2023-12-24 10:12:48.049290','kimle020102@gmail.com','Thành công','09090909097','Phạm Văn Dũng'),(NULL,NULL,2,_binary '\0',1,2,NULL,1,'CU9Q80','2024-01-10 17:51:09.887585','thanh@gmail.com','Giữ chỗ','09090909055','Lê Thị Kim Lệ'),(58,NULL,2,_binary '\0',1,2,144,1,'CV4MZW','2024-01-14 13:32:27.362412','lam@example.com','Thành công','0333843255','Nguyễn Ánh'),(NULL,1,2,_binary '',1,2,119,1,'CXVJDK','2024-01-12 14:44:02.206898','','Thành công','0909090908','Lê Thị Kim Lệ'),(58,NULL,2,_binary '\0',1,2,165,1,'D09493','2024-01-14 15:40:34.352611','lam@example.com','Thành công','0333843255','Nguyễn Ánh'),(6,NULL,3,_binary '\0',1,1,52,1,'D20U93','2023-12-17 18:19:22.035373','20110248@student.hcmute.edu.vn','Thành công','09090909091','Lê Thị Kim Lệ Kim Tân'),(6,NULL,15,_binary '\0',18,5,NULL,6,'D3DQWZ','2023-11-13 13:45:35.984175','20110248@student.hcmute.edu.vn','Đã hủy','09090909091','Lê Thị Kim Lệ'),(NULL,NULL,2,_binary '\0',1,1,49,1,'D5GBHF','2023-12-17 16:39:41.980455','dianlona1@gmail.com','Thành công','0886171162','Trương Thương Thương'),(6,NULL,9,_binary '\0',10,2,4,4,'DH88ZI','2023-11-12 20:55:22.941613','20110248@student.hcmute.edu.vn','Thành công','09090909092','Lê Thị Kim Lệ'),(NULL,1,2,_binary '\0',1,2,NULL,1,'DMLFCH','2024-01-12 15:39:31.513500','','Giữ chỗ','0909090956','Lê Thị Kim Lệ'),(58,NULL,2,_binary '\0',1,5,89,1,'DSLNPN','2024-01-02 09:45:07.823588','kimle0201021@gmail.com','Thành công','0333843255','Nguyễn Lực'),(6,NULL,8,_binary '\0',7,3,66,3,'E58WXB','2023-12-24 09:00:39.538976','20110248@student.hcmute.edu.vn','Thành công','09090909091','Lê Thị Kim Lệ Kim Tân'),(NULL,NULL,2,_binary '\0',1,1,NULL,1,'E89VOH','2024-01-15 22:21:11.148739','kimme@gmail.com','Giữ chỗ','0333843252','Kim Nguyễn'),(NULL,7,2,_binary '',1,2,129,1,'EHC19G','2024-01-12 00:20:53.752639','','Thành công','09049373093','Nguyễn Ánh La'),(NULL,NULL,2,_binary '\0',1,1,195,1,'EMQKLF','2024-01-15 22:22:03.924607','kimme@gmail.com','Thành công','0333843252','Kim Nguyễn'),(58,NULL,4,_binary '\0',5,5,204,2,'EQP5GC','2024-02-02 10:34:12.516648','lam@example.com','Thành công','0333843255','Nguyễn Ánh'),(NULL,NULL,2,_binary '\0',1,1,NULL,1,'EWDPBX','2024-01-10 17:48:46.247381','kimme@gmail.com','Giữ chỗ','0333843252','Kim Nguyễn'),(6,NULL,2,_binary '\0',1,5,45,1,'F4VVDB','2023-12-17 14:24:45.372482','20110248@student.hcmute.edu.vn','Thành công','09090909091','Lê Thị Kim Lệ Kim Tân'),(7,NULL,30,_binary '\0',27,1,NULL,9,'F6GP6F','2023-12-12 16:05:34.466637','quan@gmail.com','Giữ chỗ','0363636363','Lê Trung Quân'),(NULL,NULL,2,_binary '\0',1,5,94,1,'F8TCPC','2024-01-10 17:30:09.337813','donthandochai123@gmail.com','Thành công','0909090909','Nguyễn Ngân'),(58,NULL,2,_binary '\0',1,2,146,1,'F9706Y','2024-01-14 13:38:58.064538','lam@example.com','Thành công','0333843255','Nguyễn Ánh'),(6,NULL,9,_binary '',10,2,22,4,'FERFLF','2023-11-13 15:29:10.436048','20110248@student.hcmute.edu.vn','Thành công','09090909091','Lê Thị Kim Lệ'),(NULL,7,2,_binary '\0',1,2,NULL,1,'FHNA5R','2024-01-12 21:23:25.989835','','Giữ chỗ','0123456789','Nguyen Van A'),(7,NULL,2,_binary '\0',1,1,34,1,'FIB4CE','2023-12-13 16:34:44.053952','vivivivi@gmail.com','Thành công','0101010101','Đặng Vi'),(NULL,1,15,_binary '\0',17,1,NULL,6,'FTFNYF','2023-11-26 11:31:52.113309','','Giữ chỗ','09090909090','Kim'),(NULL,NULL,2,_binary '\0',1,2,NULL,1,'FUQ8FD','2023-12-26 22:36:53.322584','thanh@gmail.com','Giữ chỗ','09090909055','Lê Thị Kim Lệ'),(NULL,NULL,8,_binary '\0',7,2,68,3,'FX9B4E','2023-12-24 09:44:04.768531','kimle020102@gmail.com','Thành công','09881141134','Phạm Văn Dun'),(58,NULL,2,_binary '\0',1,1,NULL,1,'FYMWMY','2024-01-11 12:37:19.679364','lam@example.com','Giữ chỗ','0333843255','Nguyễn Ánh'),(6,NULL,2,_binary '\0',1,2,NULL,1,'G4NQ20','2024-01-14 14:31:08.006879','20110248@student.hcmute.edu.vn','Đã hủy','09090909091','Lê Thị Kim Lệ Kim Tân'),(NULL,1,2,_binary '\0',1,9,79,1,'G7HYKT','2023-12-24 12:59:03.873273','','Thành công','09881141132','Lê Ngân'),(58,NULL,23,_binary '\0',26,4,74,8,'GD7NNI','2023-12-24 10:54:56.389734','kimle020102@gmail.com','Thành công','0333843255','Nguyễn Nga'),(NULL,7,2,_binary '\0',1,2,106,1,'GE7AHV','2024-01-11 16:19:51.699245','','Thành công','0123456789','Nguyen Van B'),(7,NULL,22,_binary '\0',19,1,30,7,'GEQS3C','2023-12-13 14:56:02.799674','vivivivi@gmail.com','Thành công','0101010101','Đặng Vi'),(NULL,NULL,4,_binary '\0',5,1,37,2,'GN1AY2','2023-12-14 00:09:16.406018','kimle1020102@gmail.com','Thành công','0909090909','Kim Le'),(NULL,1,2,_binary '\0',1,8,NULL,1,'GR9VVF','2024-01-01 23:39:16.164904','','Giữ chỗ','0978990903','Lê Thị Lý'),(6,NULL,9,_binary '\0',10,1,NULL,4,'GS3SWK','2023-11-13 15:31:06.797638','20110248@student.hcmute.edu.vn','Đã hủy','09090909091','Lê Thị Kim Lệ'),(NULL,NULL,8,_binary '\0',7,3,82,3,'GWCYQ8','2023-12-25 01:32:31.805816','kimle020102@gmail.com','Thành công','0909090903','Lê Thị Kim Lệ'),(NULL,1,2,_binary '\0',1,1,NULL,1,'GXVLF0','2023-12-14 22:51:04.133572','','Giữ chỗ','0986948473','Nguyễn Nga'),(NULL,7,2,_binary '\0',1,2,NULL,1,'H2UNXS','2024-01-12 09:54:41.463852','','Giữ chỗ','0123456789','Nguyen Van A'),(58,NULL,2,_binary '\0',1,1,147,1,'H8OS4B','2024-01-14 13:41:51.309358','lam@example.com','Thành công','0333843255','Nguyễn Ánh'),(NULL,12,2,_binary '\0',1,1,177,1,'H99E99','2024-01-15 11:56:54.075697','','Thành công','0390846732','Lê Thị Kim Lệ'),(NULL,1,2,_binary '',1,1,127,1,'H9O1JV','2024-01-12 16:31:25.166103','','Thành công','0912090934','Lê Thị Kim Lệ'),(NULL,NULL,2,_binary '\0',1,1,NULL,1,'HDJ3U5','2024-01-11 12:41:06.571657','kimme@gmail.com','Đã hủy','0333843252','Kim Nguyễn'),(NULL,NULL,8,_binary '\0',7,5,67,3,'HFQKRZ','2023-12-24 09:34:34.189078','kimle020102@gmail.com','Thành công','09340230306','Nguyễn Nga'),(NULL,NULL,16,_binary '\0',18,1,NULL,6,'HLJNR3','2023-11-13 12:24:21.296004','20110248@student.hcmute.edu.vn','Giữ chỗ','09090909091','Lê Thị Kim Lệ'),(NULL,NULL,2,_binary '\0',1,1,112,1,'I5T2XW','2024-01-12 11:01:52.737796','kimme@gmail.com','Thành công','0333843252','Kim Nguyễn'),(NULL,12,2,_binary '\0',1,2,175,1,'IBEQY8','2024-01-15 11:52:28.549758','','Thành công','0333843332','Lê Thị Kim Lệ'),(NULL,1,2,_binary '',1,2,121,1,'IJW2XG','2024-01-12 16:02:13.315810','','Thành công','0909090912','Lê Thị Kim Lệ'),(NULL,1,15,_binary '\0',17,2,NULL,6,'IKB3DH','2023-11-24 14:37:52.730948','','Giữ chỗ','0808080808','LeThiKimLe'),(7,NULL,30,_binary '\0',27,1,29,9,'IVROFK','2023-12-12 16:34:48.037466','quan@gmail.com','Thành công','0363636363','Lê Trung Quân'),(58,NULL,2,_binary '\0',1,3,84,1,'IW4KF1','2023-12-27 01:12:18.856089','kimle0201021@gmail.com','Thành công','0333843255','Nguyễn Lực'),(NULL,NULL,8,_binary '\0',7,5,NULL,3,'IZT9OW','2023-12-24 09:28:24.792340','kimle020102@gmail.com','Giữ chỗ','09534048634','Nguyễn Nga'),(NULL,NULL,8,_binary '\0',7,5,69,3,'J0PZ4V','2023-12-24 09:49:05.605241','kimle1020102@gmail.com','Thành công','0934023030','Kim Le'),(58,NULL,2,_binary '\0',1,2,163,1,'J1HGVF','2024-01-14 15:37:40.540443','lam@example.com','Thành công','0333843255','Nguyễn Ánh'),(58,NULL,2,_binary '\0',1,3,103,1,'J3W53G','2024-01-11 09:49:19.977379','lam@example.com','Thành công','0333843255','Nguyễn Ánh'),(NULL,NULL,2,_binary '\0',1,3,NULL,1,'J7Q8H5','2023-12-26 23:35:21.336085','thanh@gmail.com','Đã hủy','09090909055','Lê Thị Kim Lệ'),(NULL,1,2,_binary '\0',1,2,NULL,1,'JF7N8M','2024-01-01 23:59:04.937441','','Giữ chỗ','0974568903','Minh Lan'),(NULL,1,2,_binary '\0',1,1,NULL,1,'JMLHUP','2023-11-19 14:20:57.120666','camnguyentqnk@gmail.com','Giữ chỗ','0340363023','Liên Liên'),(6,NULL,24,_binary '\0',26,5,NULL,8,'JNIJRR','2023-11-13 00:02:14.812122','20110248@student.hcmute.edu.vn','Đã hủy','09090909091','Lê Thị Kim Lệ'),(NULL,NULL,2,_binary '\0',1,4,87,1,'JUMMHR','2024-01-01 17:13:39.635236','kim@gmail.com','Thành công','0909090903','Lê Thị Kim Lệ'),(58,NULL,2,_binary '\0',1,2,137,1,'JWIEP0','2024-01-13 01:34:53.531706','lam@example.com','Thành công','0333843255','Nguyễn Ánh'),(NULL,7,2,_binary '\0',1,1,NULL,1,'K66I3W','2024-01-11 15:36:24.427023','','Giữ chỗ','0909090908','Lê Thị Kim Lệ'),(NULL,7,30,_binary '\0',27,4,76,9,'K8X9NW','2023-12-24 11:44:21.327477','','Thành công','0909090920','Nguyễn Linh'),(NULL,NULL,2,_binary '\0',1,2,81,1,'KBDHCR','2023-12-25 01:16:29.389035','kimle020102@gmail.com','Thành công','0909090909','Lê Thị Kim Lệ'),(6,NULL,2,_binary '\0',1,5,44,1,'KRCAHP','2023-12-17 13:53:10.946926','20110248@student.hcmute.edu.vn','Thành công','09090909091','Lê Thị Kim Lệ Kim Tân'),(NULL,NULL,2,_binary '\0',1,1,NULL,1,'KT3YJD','2024-01-30 17:16:16.138665','thanhh@gmail.com','Đã hủy','0909090907','Lê Thị Kim Lệ'),(NULL,NULL,8,_binary '\0',7,5,NULL,3,'KUK9Z0','2023-12-24 08:58:00.226329','kimle020102@gmail.com','Giữ chỗ','0989787878','Nguyễn Nga'),(58,NULL,2,_binary '\0',1,2,186,1,'L062AK','2024-01-15 17:32:35.541633','lam@example.com','Thành công','0333843255','Nguyễn Ánh'),(NULL,5,4,_binary '\0',5,9,63,2,'LA9V6E','2023-12-23 11:51:02.113024','','Thành công','0909090910','Nguyễn Nga'),(NULL,12,2,_binary '\0',1,2,193,1,'LAD8Q9','2024-01-15 12:53:38.345271','','Thành công','0333841111','Lam Chi'),(58,NULL,2,_binary '\0',1,5,203,1,'LB2Z1M','2024-02-01 22:02:47.259957','lam@example.com','Thành công','0333843255','Nguyễn Ánh'),(6,NULL,2,_binary '\0',1,2,53,1,'LFL2OC','2023-12-17 18:21:51.949887','20110248@student.hcmute.edu.vn','Thành công','09090909091','Lê Thị Kim Lệ Kim Tân'),(NULL,7,2,_binary '\0',1,2,134,1,'LHD78I','2024-01-12 21:21:11.372712','','Thành công','09049373093','Nguyễn Ánh La'),(58,NULL,2,_binary '\0',1,1,97,1,'LI7RJC','2024-01-10 21:36:45.254756','lam@example.com','Thành công','0333843255','Nguyễn Ánh'),(6,NULL,2,_binary '\0',1,2,153,1,'LNX44Y','2024-01-14 14:32:48.288913','20110248@student.hcmute.edu.vn','Thành công','09090909091','Lê Thị Kim Lệ Kim Tân'),(NULL,NULL,2,_binary '\0',1,1,NULL,1,'LRMIZG','2024-01-15 17:26:22.303738','kimme@gmail.com','Giữ chỗ','0333843252','Kim Nguyễn'),(NULL,5,2,_binary '\0',1,8,59,1,'LTWQTQ','2023-12-23 11:36:16.798891','','Thành công','09881141132','Phạm Văn Chu'),(NULL,NULL,2,_binary '\0',1,3,NULL,1,'M44YBJ','2023-12-24 10:09:51.903656','kimle020102@gmail.com','Giữ chỗ','09881141134','Phạm Văn Dung'),(NULL,NULL,2,_binary '\0',1,3,NULL,1,'M8Q5JG','2024-01-15 17:21:21.198101','kimme@gmail.com','Giữ chỗ','0333843252','Kim Nguyễn'),(NULL,7,2,_binary '\0',1,2,170,1,'MOV98M','2024-01-14 14:17:43.751974','','Thành công','0909035413','Lê Thị Kim Lệ'),(NULL,7,2,_binary '\0',1,2,NULL,1,'MOXGUW','2024-01-12 00:50:07.930163','','Giữ chỗ','0909090908','Lê Thị Kim Lệ'),(58,NULL,2,_binary '\0',1,2,145,1,'MQNFS9','2024-01-14 13:33:13.413152','lam@example.com','Thành công','0333843255','Nguyễn Ánh'),(NULL,NULL,2,_binary '\0',1,3,71,1,'MU2WH6','2023-12-24 10:06:39.810353','kimle1020102@gmail.com','Thành công','09534048634','Kim Le'),(NULL,NULL,8,_binary '\0',7,4,70,3,'N42DO0','2023-12-24 09:57:03.812091','vanchu@gmail.com','Thành công','0934023030','Phạm Văn Chinh'),(NULL,1,2,_binary '\0',1,4,NULL,1,'NAM44F','2024-01-01 23:55:08.444107','','Giữ chỗ','0978908977','Hoa Tiêu'),(NULL,7,2,_binary '\0',1,2,NULL,1,'NCQ1FD','2024-01-12 09:54:28.762258','','Giữ chỗ','0123456789','Nguyen Van A'),(58,NULL,2,_binary '\0',1,2,180,1,'NU1N3E','2024-01-15 12:14:57.851987','lam@example.com','Thành công','0333843255','Nguyễn Ánh'),(NULL,NULL,2,_binary '\0',1,1,NULL,1,'NU2Z06','2024-01-10 17:51:48.756608','thanh@gmail.com','Giữ chỗ','09090909055','Lê Thị Kim Lệ'),(6,NULL,2,_binary '\0',1,2,152,1,'NVDHCG','2024-01-14 14:32:23.528212','20110248@student.hcmute.edu.vn','Thành công','09090909091','Lê Thị Kim Lệ Kim Tân'),(NULL,1,4,_binary '\0',5,1,160,2,'O5LDEB','2024-01-14 15:22:13.328522','','Thành công','0904433513','Lê Thị Ngôn'),(NULL,NULL,8,_binary '\0',7,5,NULL,3,'O5SDHQ','2023-12-24 08:56:23.396895','kimle020102@gmail.com','Giữ chỗ','0909090909','Lê Thị Kim Lệ'),(NULL,NULL,2,_binary '\0',1,1,NULL,1,'O7RCDH','2024-01-10 17:45:52.903604','kimle020102@gmail.com','Giữ chỗ','0909090903','demo_maven'),(40,NULL,2,_binary '\0',1,2,43,1,'OH8Z3A','2023-12-14 23:30:14.768020','kimli@gmail.com','Thành công','01234567811','Thiên Bá Vũ'),(NULL,NULL,8,_binary '\0',7,5,NULL,3,'OO1EY3','2023-12-24 09:24:42.139664','kimle020102@gmail.com','Giữ chỗ','09881141134','Phạm Văn Dung'),(58,NULL,2,_binary '\0',1,3,102,1,'ORT7HO','2024-01-11 09:49:01.052970','lam@example.com','Thành công','0333843255','Nguyễn Ánh'),(58,NULL,3,_binary '\0',1,5,99,1,'OSS3XB','2024-01-10 22:47:29.558757','lam@example.com','Thành công','0333843255','Nguyễn Ánh'),(58,NULL,2,_binary '\0',1,1,167,1,'P5F81L','2024-01-14 15:45:35.333313','lam@example.com','Thành công','0333843255','Nguyễn Ánh'),(58,NULL,23,_binary '\0',26,2,80,8,'P9MDIV','2023-12-24 16:47:08.817680','kimle0201021@gmail.com','Thành công','0333843255','Nguyễn Lực'),(58,NULL,2,_binary '',1,2,100,1,'POU3DY','2024-01-11 08:31:19.922159','lam@example.com','Thành công','0333843255','Nguyễn Ánh'),(NULL,12,2,_binary '',1,1,185,1,'PWQIKY','2024-01-15 12:50:47.545675','','Thành công','0311643255','Ngô Châu Thâm'),(58,NULL,2,_binary '',1,2,101,1,'Q6XIOI','2024-01-11 09:28:49.460405','lam@example.com','Thành công','0333843255','Nguyễn Ánh'),(NULL,1,4,_binary '\0',5,2,64,2,'QBRYTM','2023-12-23 11:50:43.395196','','Thành công','0123653698','Hồ Ca'),(NULL,7,2,_binary '\0',1,2,NULL,1,'QBX32L','2024-01-12 21:26:07.638496','','Giữ chỗ','0123456789','Nguyen Van A'),(NULL,1,2,_binary '\0',1,2,NULL,1,'QKD1XW','2024-01-01 23:49:49.012718','','Giữ chỗ','0978908909','Le Minh'),(NULL,7,2,_binary '',1,1,125,1,'QSN0BQ','2024-01-11 15:35:14.600884','','Thành công','0909090907','Lê Thị Kim Lệ'),(NULL,7,2,_binary '\0',1,2,155,1,'QTB6IB','2024-01-14 14:38:02.939377','','Thành công','0938493533','Lê Thị Kim Li'),(NULL,NULL,16,_binary '\0',17,3,NULL,6,'QYM8UN','2023-11-13 14:05:11.769787','20110248@student.hcmute.edu.vn','Đã hủy','09090909092','Lê Thị Kim Lệ'),(NULL,NULL,2,_binary '\0',1,1,NULL,1,'R1B70K','2024-01-14 14:53:51.929786','kimme@gmail.com','Đã hủy','0333843252','Kim Nguyễn'),(NULL,7,2,_binary '\0',1,1,110,1,'R4QIQU','2024-01-12 01:18:42.034479','','Thành công','0909090908','Lê Thị Kim Lệ'),(58,NULL,23,_binary '\0',26,3,75,8,'R5AIPJ','2023-12-24 11:01:17.785491','kimle020102@gmail.com','Thành công','0333843255','Nguyễn Nga'),(NULL,NULL,2,_binary '\0',1,3,NULL,1,'R7A9A9','2024-01-10 17:03:55.536804','kimme@gmail.com','Giữ chỗ','0333843252','Kim Nguyễn'),(6,NULL,15,_binary '\0',17,5,NULL,6,'R8DPH3','2023-11-13 13:05:17.569420','20110248@student.hcmute.edu.vn','Đã hủy','09090909091','Lê Thị Kim Lệ'),(NULL,1,2,_binary '\0',1,1,NULL,1,'RA9TLU','2024-01-12 16:44:54.677180','','Giữ chỗ','0912090934','Lê Thị Kim Lệ'),(NULL,NULL,2,_binary '\0',1,1,NULL,1,'RCW365','2024-01-10 20:58:33.582620','kimme@gmail.com','Giữ chỗ','0333843252','Kim Nguyễn'),(NULL,5,2,_binary '\0',1,7,58,1,'REJ5JV','2023-12-23 11:34:36.376775','','Thành công','0909090906','Lê Tô'),(NULL,NULL,2,_binary '\0',1,3,NULL,1,'RI64KA','2023-12-26 23:10:08.993268','thanh@gmail.com','Đã hủy','09090909055','Lê Thị Kim Lệ'),(58,NULL,2,_binary '\0',1,4,91,1,'RKIC5M','2024-01-02 09:49:37.517161','kimle0201021@gmail.com','Thành công','0333843255','Nguyễn Lực'),(58,NULL,2,_binary '\0',1,4,201,1,'RMP0JC','2024-02-01 17:28:43.816838','lam@example.com','Thành công','0333843255','Nguyễn Ánh'),(NULL,7,2,_binary '\0',1,4,54,1,'RQ8K8K','2023-12-17 18:28:12.680094','','Thành công','0986948474','Nguyễn Nga'),(NULL,NULL,8,_binary '\0',7,3,NULL,3,'RW3BZJ','2023-12-24 10:04:18.508866','vanchu@gmail.com','Giữ chỗ','09534048634','Nguyễn Nguyên'),(58,NULL,2,_binary '\0',1,1,190,1,'SDDAOA','2024-01-15 22:09:48.373265','lam@example.com','Thành công','0333843255','Nguyễn Ánh'),(NULL,NULL,3,_binary '\0',1,5,51,1,'SDME1K','2023-12-17 18:16:39.517983','kimle1020102@gmail.com','Thành công','09090909091','Kim Le'),(NULL,7,2,_binary '\0',1,1,157,1,'ST7RSK','2024-01-14 14:40:46.647181','','Thành công','0909090934','Lê Thị Ngôn Himh'),(NULL,12,2,_binary '\0',1,2,148,1,'T0IQ0J','2024-01-14 13:52:49.711227','','Thành công','0909035413','Lê Thị Kim Lệ'),(NULL,NULL,2,_binary '\0',1,3,NULL,1,'T2HWNT','2024-01-11 12:36:40.352939','kimme@gmail.com','Giữ chỗ','0333843252','Kim Nguyễn'),(NULL,NULL,2,_binary '\0',1,1,9,1,'T3BU4V','2023-11-12 23:56:15.981483','minh@gmail.com','Thành công','0346230202','Lan Minh'),(NULL,7,2,_binary '\0',1,2,NULL,1,'T7GQFQ','2024-01-15 11:41:47.709637','','Giữ chỗ','0123456789','Nguyen Van A'),(58,NULL,2,_binary '\0',1,1,168,1,'T7RCGU','2024-01-14 15:50:35.451619','lam@example.com','Thành công','0333843255','Nguyễn Ánh'),(NULL,1,2,_binary '\0',1,4,NULL,1,'TFF4LW','2024-01-01 23:27:26.566221','','Giữ chỗ','0909090903','Le Kinh'),(NULL,7,2,_binary '\0',1,2,NULL,1,'TGVM5H','2024-01-14 15:51:26.639595','','Giữ chỗ','0123456789','Nguyen Van A'),(58,NULL,3,_binary '\0',1,2,141,1,'TL377Z','2024-01-14 13:28:00.434575','lam@example.com','Thành công','0333843255','Nguyễn Ánh'),(NULL,7,3,_binary '\0',1,3,NULL,1,'TP7395','2023-12-17 11:42:12.361850','','Giữ chỗ','0902940395','Lê Vĩnh Thọ'),(NULL,1,2,_binary '\0',1,4,NULL,1,'TQ6BHU','2024-01-02 00:00:49.085729','','Giữ chỗ','0912908903','Minh Quân'),(6,NULL,55,_binary '\0',58,3,NULL,16,'TR6AO1','2023-11-13 14:09:57.410212','20110248@student.hcmute.edu.vn','Đã hủy','09090909091','Lê Thị Kim Lệ'),(NULL,NULL,2,_binary '\0',1,1,24,1,'U0M4YL','2023-12-10 14:40:50.810213','dien@gmail.com','Thành công','0333843213','Nguyễn Văn Điền'),(58,NULL,3,_binary '\0',1,2,116,1,'U35WQS','2024-01-12 12:08:47.593980','lam@example.com','Thành công','0333843255','Nguyễn Ánh'),(NULL,7,2,_binary '\0',1,1,150,1,'U3SIWV','2024-01-14 14:21:44.870246','','Thành công','0904433513','Lê Thị Ngôn'),(NULL,7,2,_binary '\0',1,2,NULL,1,'U49BPZ','2024-01-15 22:22:28.371412','','Giữ chỗ','0123456789','Nguyen Van A'),(58,NULL,2,_binary '\0',1,2,142,1,'UA5O3E','2024-01-14 13:28:21.245410','lam@example.com','Thành công','0333843255','Nguyễn Ánh'),(40,NULL,2,_binary '\0',1,5,38,1,'UIF27E','2023-12-14 14:00:35.262830','kimli@gmail.com','Thành công','01234567811','Thiên Bá Vũ'),(6,NULL,23,_binary '\0',26,2,10,8,'V0N2YR','2023-11-13 00:05:16.970695','20110248@student.hcmute.edu.vn','Thành công','09090909091','Lê Thị Kim Lệ'),(NULL,1,2,_binary '\0',1,2,60,1,'V2OD29','2023-12-23 11:36:48.083614','','Thành công','02016932451','Lê Bình'),(NULL,7,2,_binary '\0',1,1,NULL,1,'V35Q6D','2024-01-14 14:45:34.641051','','Giữ chỗ','0923090908','Lê Thị Kim LY'),(NULL,NULL,2,_binary '\0',1,5,36,1,'V3PFKJ','2023-12-13 21:38:15.292559','kimle020102@gmail.com','Thành công','0909090909','Lê Thị Kim Lệ'),(7,NULL,2,_binary '\0',1,2,NULL,1,'V9UCEK','2023-11-18 16:24:56.649393','camnguyentqnk@gmail.com','Giữ chỗ','0101010101','Nguyễn Minh Thiện'),(6,NULL,9,_binary '\0',10,3,NULL,4,'VEQJM6','2023-11-13 15:12:49.779450','20110248@student.hcmute.edu.vn','Đã hủy','09090909091','Lê Thị Kim Lệ'),(58,NULL,2,_binary '\0',1,1,143,1,'VI43YA','2024-01-14 13:32:06.335622','lam@example.com','Thành công','0333843255','Nguyễn Ánh'),(58,NULL,2,_binary '\0',1,2,183,1,'VQ1XDX','2024-01-15 12:30:13.409086','lam@example.com','Thành công','0333843255','Nguyễn Ánh'),(NULL,NULL,2,_binary '\0',1,1,104,1,'VQT8DC','2024-01-11 12:40:39.436772','kimme@gmail.com','Thành công','0333843252','Kim Nguyễn'),(NULL,NULL,2,_binary '\0',1,3,NULL,1,'W1RDO7','2023-12-26 23:17:52.720026','thanh@gmail.com','Đã hủy','09090909055','Lê Thị Kim Lệ'),(NULL,7,2,_binary '\0',1,2,NULL,1,'W2AJ66','2024-01-15 22:22:44.126783','','Giữ chỗ','0123456789','Nguyen Van A'),(NULL,NULL,8,_binary '\0',7,3,73,3,'W9TZKF','2023-12-24 10:45:24.943634','kimle020102@gmail.com','Thành công','09090909093','Nguyễn Nga'),(NULL,1,2,_binary '',1,1,128,1,'WB21A9','2024-01-12 16:34:37.484517','','Thành công','0912090934','Lê Thị Kim Lệ'),(6,NULL,2,_binary '\0',1,4,46,1,'WCXZBN','2023-12-17 14:42:42.992684','20110248@student.hcmute.edu.vn','Thành công','09090909091','Lê Thị Kim Lệ Kim Tân'),(NULL,NULL,2,_binary '\0',1,1,NULL,1,'WDUL3K','2023-12-17 12:35:05.878668','nna9220@gmail.com','Đã hủy','0987654321','Na'),(6,NULL,16,_binary '\0',17,1,NULL,6,'WIYP1Q','2023-11-23 20:26:32.730965','20110248@student.hcmute.edu.vn','Đã hủy','09090909091','Lê Thị Kim Lệ Kim Xuân'),(NULL,1,2,_binary '\0',1,4,NULL,1,'WN7F7I','2024-01-01 23:54:29.427951','','Giữ chỗ','0978990234','Le Kink'),(58,NULL,2,_binary '\0',1,2,187,1,'WOV1Z1','2024-01-15 17:54:04.235418','lam@example.com','Thành công','0333843255','Nguyễn Ánh'),(58,NULL,2,_binary '\0',1,1,192,1,'WX1PZN','2024-01-15 22:12:07.904096','lam@example.com','Thành công','0333843255','Nguyễn Ánh'),(NULL,7,3,_binary '\0',1,6,48,1,'X38MUT','2023-12-17 16:09:10.210178','','Thành công','0986948474','Nguyễn Nga'),(NULL,12,2,_binary '\0',1,1,178,1,'X4DYL2','2024-01-15 11:57:53.277745','','Thành công','0390346732','Lê Thị Kim Lệ'),(NULL,NULL,2,_binary '\0',1,1,NULL,1,'X7AWQ9','2024-01-15 22:12:22.090689','kimme@gmail.com','Đã hủy','0333843252','Kim Nguyễn'),(NULL,7,2,_binary '\0',1,5,93,1,'XBA0H0','2024-01-02 09:54:59.020080','','Thành công','0978880903','Lê Mỹ Lan'),(NULL,1,2,_binary '\0',1,5,NULL,1,'XGIXUG','2023-11-28 21:59:13.347661','','Giữ chỗ','0123456789','Trương Mỹ Lan'),(NULL,NULL,2,_binary '\0',1,2,83,1,'XJW04T','2023-12-26 23:38:04.600354','thanh@gmail.com','Thành công','09090909055','Lê Thị Kim Lệ'),(NULL,NULL,8,_binary '\0',7,4,NULL,3,'XNLEFW','2023-12-24 09:20:02.775186','kimle020102@gmail.com','Giữ chỗ','09881141134','Phạm Văn Dung'),(NULL,1,2,_binary '\0',1,2,NULL,1,'XTZRUY','2024-01-12 16:07:25.824176','','Giữ chỗ','0909090934','Lê Thị Kim Lệ'),(NULL,NULL,2,_binary '\0',1,1,NULL,1,'XXPLA5','2024-01-10 21:19:11.517074','kimme@gmail.com','Giữ chỗ','0333843252','Kim Nguyễn'),(NULL,NULL,2,_binary '\0',1,1,NULL,1,'Y1CH1R','2024-01-10 21:48:13.696528','thanh@gmail.com','Đã hủy','09090909055','Lê Thị Kim Lệ'),(NULL,NULL,2,_binary '\0',1,1,NULL,1,'Y3X9ZW','2024-01-10 17:40:43.614183','kimme@gmail.com','Giữ chỗ','0333843252','Kim Nguyễn'),(58,NULL,2,_binary '\0',1,3,NULL,1,'Y41180','2023-12-27 00:39:33.266833','kimle0201021@gmail.com','Đã hủy','0333843255','Nguyễn Lực'),(NULL,1,2,_binary '\0',1,8,NULL,1,'Y5PTK2','2024-01-01 23:37:35.958001','','Giữ chỗ','0909090908','Lê Thị Kim Lan'),(NULL,NULL,2,_binary '\0',1,1,191,1,'Y6W6QB','2024-01-15 22:11:52.979220','kimme@gmail.com','Thành công','0333843252','Kim Nguyễn'),(NULL,7,3,_binary '\0',1,2,151,1,'YHSC0C','2024-01-14 14:25:36.178298','','Thành công','0990433513','Lê Thị Ngôn Hi'),(NULL,NULL,22,_binary '\0',19,1,23,7,'YMBN0A','2023-12-05 00:17:37.277861','camnguyentqnk@gmail.com','Thành công','0203102000','Lê Hải Minh'),(NULL,NULL,8,_binary '\0',7,5,NULL,3,'YN6JBI','2023-12-24 09:26:41.994057','vanchu@gmail.com','Giữ chỗ','09881141134','Phạm Văn Chungg'),(NULL,1,2,_binary '',1,3,40,1,'YOH2B1','2023-12-14 22:50:10.154040','','Thành công','0443843211','Lê Văn Đông'),(NULL,NULL,8,_binary '\0',7,4,NULL,3,'YS101O','2023-12-24 08:55:33.354977','kimle020102@gmail.com','Giữ chỗ','0909090909','Nguyễn Nga'),(NULL,1,3,_binary '\0',15,1,NULL,6,'YSEA1O','2023-11-24 14:48:34.435191','','Thành công','03402301200','Liên Ánh Hinh'),(NULL,7,2,_binary '\0',1,2,154,1,'YVW0XS','2024-01-14 14:35:56.726185','','Thành công','0997933513','Lê Thị Ngôn Him'),(58,NULL,2,_binary '\0',1,3,NULL,1,'YWL7KL','2023-12-27 00:57:45.888742','kimle0201021@gmail.com','Đã hủy','0333843255','Nguyễn Lực'),(NULL,NULL,2,_binary '\0',1,3,NULL,1,'Z25R7A','2023-12-26 23:33:33.261127','thanh@gmail.com','Đã hủy','09090909055','Lê Thị Kim Lệ'),(NULL,1,2,_binary '\0',1,6,NULL,1,'Z625VI','2023-12-24 12:59:47.485987','','Giữ chỗ','09881141122','Nguyễn Linh'),(NULL,7,2,_binary '\0',1,2,158,1,'Z74A5X','2024-01-14 14:43:46.634237','','Thành công','0904432213','Lê Thị Ngôn'),(NULL,1,2,_binary '',1,4,126,1,'ZBBVSW','2024-01-12 16:26:19.008944','','Thành công','0912090934','Lê Thị Kim Lệ'),(NULL,7,2,_binary '\0',1,1,NULL,1,'ZBKJQN','2024-01-11 15:36:07.371799','','Giữ chỗ','0909090908','Lê Thị Kim Lệ'),(NULL,1,4,_binary '\0',5,3,65,2,'ZCBD0B','2023-12-23 11:51:48.827118','','Thành công','0236987412','Lê Hiếu'),(NULL,NULL,2,_binary '\0',1,1,NULL,1,'ZJHNZ1','2024-01-15 22:22:48.998893','kimme@gmail.com','Đã hủy','0333843252','Kim Nguyễn'),(NULL,12,2,_binary '\0',1,3,140,1,'ZM3QTT','2024-01-14 10:00:48.104609','','Thành công','0909090913','Lê Thị Kim Lệ'),(6,NULL,9,_binary '\0',10,3,NULL,4,'ZSPKMK','2023-11-13 15:27:36.911133','20110248@student.hcmute.edu.vn','Giữ chỗ','09090909091','Lê Thị Kim Lệ');
/*!40000 ALTER TABLE `booking` ENABLE KEYS */;
UNLOCK TABLES;

--
-- Table structure for table `bus`
--

DROP TABLE IF EXISTS `bus`;
/*!40101 SET @saved_cs_client     = @@character_set_client */;
/*!50503 SET character_set_client = utf8mb4 */;
CREATE TABLE `bus` (
  `id` int NOT NULL AUTO_INCREMENT,
  `type_id` int DEFAULT NULL,
  `license_plate` varchar(255) NOT NULL,
  `manufacture_year` int NOT NULL,
  `color` varchar(255) DEFAULT NULL,
  `availability` varchar(45) DEFAULT NULL,
  `state_id` int DEFAULT NULL,
  PRIMARY KEY (`id`),
  UNIQUE KEY `UK_eufogh6i6sop1npxoho37ncbe` (`state_id`),
  KEY `FKajrtrtb3907na3inrdd4e2hm6` (`type_id`),
  CONSTRAINT `FKajrtrtb3907na3inrdd4e2hm6` FOREIGN KEY (`type_id`) REFERENCES `bus_type` (`id`),
  CONSTRAINT `FKsrcsdbesvw85ool30y1jxthjo` FOREIGN KEY (`state_id`) REFERENCES `bus_quality` (`id`)
) ENGINE=InnoDB AUTO_INCREMENT=25 DEFAULT CHARSET=utf8mb4 COLLATE=utf8mb4_0900_ai_ci;
/*!40101 SET character_set_client = @saved_cs_client */;

--
-- Dumping data for table `bus`
--

LOCK TABLES `bus` WRITE;
/*!40000 ALTER TABLE `bus` DISABLE KEYS */;
INSERT INTO `bus` VALUES (1,2,'79C-78907',2020,'Xanh dương','Sẵn sàng',1),(2,2,'51C-79010',2020,'Vàng','Sẵn sàng',2),(3,2,'60C-90792',2023,'Vàng nhạt','Sẵn sàng',3),(4,1,'60C-90795',2022,'Cam đất','Sẵn sàng',4),(5,3,'60C-90148',2022,'Cam đất','Sẵn sàng',5),(6,1,'79C-90111',2022,'Cam đất','Sẵn sàng',6),(7,2,'60C-90713',2021,'Xanh dương','Sẵn sàng',7),(8,3,'51C-37980',2021,'Đỏ đô','Sẵn sàng',8),(9,2,'51C-37912',2020,'Đỏ đô','Sẵn sàng',9),(10,3,'79C-07896',2020,'Đỏ đô','Sẵn sàng',10),(11,2,'79C-07810',2020,'Đỏ đô','Đang bảo trì',11),(12,3,'79C-07851',2020,'Đỏ đô','Sẵn sàng',12),(13,3,'79C-07869',2020,'Đỏ đô','Sẵn sàng',13),(14,3,'79C-06969',2020,'Đỏ đô','Sẵn sàng',14),(15,3,'79C-29840',2020,'Đen trắng','Sẵn sàng',15),(16,3,'79C-06060',2020,'Đỏ đô','Sẵn sàng',16),(17,3,'79C-00960',2020,'Đỏ đô','Sẵn sàng',17),(18,3,'84B_89154',2021,'Tím','Sẵn sàng',18),(19,3,'84B_89100',2021,'Tím','Sẵn sàng',19),(20,3,'80A-09876',2020,'Vàng đất','Đang bảo trì',20),(21,3,'80A-09874',2020,'Vàng đất','Đang bảo trì',21),(22,2,'79C-90978',2020,'Vàng cam','Sẵn sàng',22),(23,3,'80A-77874',2020,'Vàng đất','Đang bảo trì',23),(24,3,'80A-66874',2020,'Vàng đất','Đang bảo trì',24);
/*!40000 ALTER TABLE `bus` ENABLE KEYS */;
UNLOCK TABLES;

--
-- Table structure for table `bus_quality`
--

DROP TABLE IF EXISTS `bus_quality`;
/*!40101 SET @saved_cs_client     = @@character_set_client */;
/*!50503 SET character_set_client = utf8mb4 */;
CREATE TABLE `bus_quality` (
  `id` int NOT NULL AUTO_INCREMENT,
  `update_at` date NOT NULL,
  `air_condition` varchar(255) NOT NULL,
  `brake` varchar(255) NOT NULL,
  `electric` varchar(255) NOT NULL,
  `fuel` varchar(255) NOT NULL,
  `lighting` varchar(255) NOT NULL,
  `mirror` varchar(255) NOT NULL,
  `steering` varchar(255) NOT NULL,
  `tire` varchar(255) NOT NULL,
  `overall_state` varchar(255) NOT NULL,
  PRIMARY KEY (`id`)
) ENGINE=InnoDB AUTO_INCREMENT=25 DEFAULT CHARSET=utf8mb4 COLLATE=utf8mb4_0900_ai_ci;
/*!40101 SET character_set_client = @saved_cs_client */;

--
-- Dumping data for table `bus_quality`
--

LOCK TABLES `bus_quality` WRITE;
/*!40000 ALTER TABLE `bus_quality` DISABLE KEYS */;
INSERT INTO `bus_quality` VALUES (1,'2024-01-14','Tốt','Tạm ổn','Tốt','Tốt','Tốt','Tốt','Tốt','Tốt','Tốt'),(2,'2024-01-15','Tốt','Tạm ổn','Tốt','Tốt','Tốt','Tốt','Tốt','Tốt','Tốt'),(3,'2023-12-19','Hai máy lạnh cuối xe vận hành phát ra tiếng kêu','Tốt','Tốt','Tốt','Tốt','Tốt','Tốt','Tốt','Bình thường'),(4,'2023-12-19','Tốt','Tốt','Tốt','Tốt','Đèn trái bị mờ','Chiếu hậu phải bị vỡ do va chạm với thành đèo','Tốt','Tốt','Cần bảo trì'),(5,'2023-12-19','Tốt','Tốt','Tốt','Tốt','Tốt','Tốt','Tốt','Bánh trước hơi bị mòn','Bình thường'),(6,'2023-12-19','Tốt','Cần thay phanh sau','Tốt','Tốt','Tốt','Tốt','Tốt','Tốt','Bình thường'),(7,'2023-12-09','Tốt','Tốt','Tốt','Tốt','Tốt','Tốt','Tốt','Tốt','Bình thường'),(8,'2023-12-15','Tốt','Tốt','Tốt','Tốt','Tốt','Tốt','Tốt','Tốt','Bình thường'),(9,'2023-12-19','Tốt','Tốt','Tốt','Tốt','Tốt','Tốt','Tốt','Tốt','Cần bảo trì toàn diện'),(10,'2023-12-19','Tốt','Tốt','Tốt','Tốt','Tốt','Tốt','Tốt','Tốt','Bình thường'),(11,'2023-12-19','Tốt','Phanh có vẻ bị lờn','Tốt','Tốt','Tốt','Tốt','Tốt','Tốt','Cần bảo trì'),(12,'2023-12-20','Tốt','Tốt','Tốt','Tốt','Tốt','Tốt','Tốt','Tốt','Bình thường'),(13,'2023-12-20','Tốt','Tốt','Tốt','Tốt','Tốt','Tốt','Tốt','Tốt','Bình thường'),(14,'2023-12-20','Tốt','Tốt','Tốt','Tốt','Tốt','Tốt','Tốt','Tốt','Bình thường'),(15,'2023-12-21','Tốt','Tốt','Tốt','Tốt','Tốt','Tốt','Tốt','Tốt','Bình thường'),(16,'2023-12-21','Tốt','Tốt','Tốt','Tốt','Tốt','Tốt','Tốt','Tốt','Bình thường'),(17,'2023-12-21','Tốt','Tốt','Tốt','Tốt','Tốt','Tốt','Tốt','Tốt','Bình thường'),(18,'2023-12-23','Tốt','Tốt','Tốt','Tốt','Tốt','Tốt','Tốt','Tốt','Bình thường'),(19,'2024-01-15','Tốt','Tạm ổn','Tốt','Tốt','Tốt','Tốt','Tốt','Tốt','Đều tốt'),(20,'2024-01-13','Tốt','Tốt','Tốt','Tốt','Tốt','Tốt','Tốt','Tốt','Bình thường'),(21,'2024-01-14','Tốt','Tốt','Tốt','Tốt','Tốt','Tốt','Tốt','Tốt','Bình thường'),(22,'2024-01-14','Tốt','Tốt','Tốt','Tốt','Tốt','Tốt','Tốt','Tốt','Bình thường'),(23,'2024-01-15','Tốt','Tốt','Tốt','Tốt','Tốt','Tốt','Tốt','Tốt','Bình thường'),(24,'2024-01-15','Tốt','Tốt','Tốt','Tốt','Tốt','Tốt','Tốt','Tốt','Bình thường');
/*!40000 ALTER TABLE `bus_quality` ENABLE KEYS */;
UNLOCK TABLES;

--
-- Table structure for table `bus_type`
--

DROP TABLE IF EXISTS `bus_type`;
/*!40101 SET @saved_cs_client     = @@character_set_client */;
/*!50503 SET character_set_client = utf8mb4 */;
CREATE TABLE `bus_type` (
  `id` int NOT NULL AUTO_INCREMENT,
  `name` varchar(255) DEFAULT NULL,
  `capacity` int DEFAULT NULL,
  `fee` int DEFAULT NULL,
  `seatmap_id` int DEFAULT NULL,
  `description` varchar(255) DEFAULT NULL,
  PRIMARY KEY (`id`),
  UNIQUE KEY `UK_lk5jd2xt4w731pppyfgrwx36x` (`seatmap_id`),
  CONSTRAINT `FKeidjcxjck2oefj001gdfa1p6w` FOREIGN KEY (`seatmap_id`) REFERENCES `seat_map` (`id`)
) ENGINE=InnoDB AUTO_INCREMENT=4 DEFAULT CHARSET=utf8mb4 COLLATE=utf8mb4_0900_ai_ci;
/*!40101 SET character_set_client = @saved_cs_client */;

--
-- Dumping data for table `bus_type`
--

LOCK TABLES `bus_type` WRITE;
/*!40000 ALTER TABLE `bus_type` DISABLE KEYS */;
INSERT INTO `bus_type` VALUES (1,'seat_bus',28,0,1,'Xe buýt 28 chỗ'),(2,'bumk_bus',43,20000,2,'Xe giường nằm 43 chỗ'),(3,'limousine',33,30000,3,'Xe limousine 33 chỗ');
/*!40000 ALTER TABLE `bus_type` ENABLE KEYS */;
UNLOCK TABLES;

--
-- Table structure for table `cancel_request`
--

DROP TABLE IF EXISTS `cancel_request`;
/*!40101 SET @saved_cs_client     = @@character_set_client */;
/*!50503 SET character_set_client = utf8mb4 */;
CREATE TABLE `cancel_request` (
  `id` int NOT NULL AUTO_INCREMENT,
  `policy_id` int DEFAULT NULL,
  `request_time` datetime DEFAULT NULL,
  `state` varchar(45) DEFAULT NULL,
  `staff_id` int DEFAULT NULL,
  PRIMARY KEY (`id`),
  KEY `staff_Key_idx` (`staff_id`),
  KEY `p_k_idx` (`policy_id`),
  CONSTRAINT `p_k` FOREIGN KEY (`policy_id`) REFERENCES `policy` (`id`) ON DELETE RESTRICT ON UPDATE RESTRICT,
  CONSTRAINT `staff_Key` FOREIGN KEY (`staff_id`) REFERENCES `staff` (`staff_id`)
) ENGINE=InnoDB AUTO_INCREMENT=22 DEFAULT CHARSET=utf8mb4 COLLATE=utf8mb4_0900_ai_ci;
/*!40101 SET character_set_client = @saved_cs_client */;

--
-- Dumping data for table `cancel_request`
--

LOCK TABLES `cancel_request` WRITE;
/*!40000 ALTER TABLE `cancel_request` DISABLE KEYS */;
INSERT INTO `cancel_request` VALUES (1,2,'2023-11-18 12:50:59','Đã hủy',NULL),(2,2,'2023-11-18 17:05:31','Đã duyệt',NULL),(3,2,'2023-11-26 16:03:59','Đã phê duyệt',NULL),(4,2,'2023-12-10 15:25:26','Đã phê duyệt',NULL),(5,2,'2023-12-13 16:43:28','Đã phê duyệt',NULL),(6,2,'2023-12-17 16:49:38','Đã phê duyệt',NULL),(7,2,'2023-12-17 18:23:21','Đã phê duyệt',NULL),(8,2,'2023-12-24 10:58:44','Đã phê duyệt',NULL),(9,2,'2023-12-25 01:33:29','Chờ phê duyệt',NULL),(10,3,'2024-01-11 00:05:26','Đã hủy',NULL),(11,2,'2024-01-12 13:19:55','Đã phê duyệt',NULL),(12,2,'2024-01-13 01:36:08','Đã phê duyệt',NULL),(13,2,'2024-01-13 01:36:24','Đã hủy',NULL),(14,2,'2024-01-14 14:33:21','Chờ phê duyệt',NULL),(15,2,'2024-01-14 14:33:36','Đã hủy',NULL),(16,2,'2024-01-15 12:15:49','Đã phê duyệt',NULL),(17,2,'2024-01-15 12:16:07','Đã hủy',NULL),(18,2,'2024-01-15 12:30:40','Đã phê duyệt',NULL),(19,2,'2024-01-15 12:30:59','Chờ phê duyệt',NULL),(20,2,'2024-01-15 17:29:29','Chờ phê duyệt',NULL),(21,2,'2024-01-30 22:00:40','Chờ phê duyệt',NULL);
/*!40000 ALTER TABLE `cancel_request` ENABLE KEYS */;
UNLOCK TABLES;

--
-- Table structure for table `customer`
--

DROP TABLE IF EXISTS `customer`;
/*!40101 SET @saved_cs_client     = @@character_set_client */;
/*!50503 SET character_set_client = utf8mb4 */;
CREATE TABLE `customer` (
  `customer_id` int NOT NULL AUTO_INCREMENT,
  `user_id` int DEFAULT NULL,
  `img` varchar(255) DEFAULT NULL,
  PRIMARY KEY (`customer_id`),
  UNIQUE KEY `UK_j7ja2xvrxudhvssosd4nu1o92` (`user_id`),
  CONSTRAINT `FKj8dlm21j202cadsbfkoem0s58` FOREIGN KEY (`user_id`) REFERENCES `user` (`id`)
) ENGINE=InnoDB AUTO_INCREMENT=25 DEFAULT CHARSET=utf8mb4 COLLATE=utf8mb4_0900_ai_ci;
/*!40101 SET character_set_client = @saved_cs_client */;

--
-- Dumping data for table `customer`
--

LOCK TABLES `customer` WRITE;
/*!40000 ALTER TABLE `customer` DISABLE KEYS */;
INSERT INTO `customer` VALUES (2,2,'https://bucketsaveimage.s3.amazonaws.com/Image/1697883009849-images.png'),(3,3,'https://bucketsaveimage.s3.amazonaws.com/Image/1697883009849-images.png'),(4,5,'https://bucketsaveimage.s3.amazonaws.com/Image/1697883009849-images.png'),(5,6,'https://bookingupfile.s3.amazonaws.com/Image/1702812237085-anh-chipi-16.jpg'),(6,7,'https://bookingupfile.s3.amazonaws.com/Image/1702388607473-images.png'),(7,10,'https://bookingupfile.s3.amazonaws.com/Image/1700527483380-anh-chipi-16.jpg'),(8,24,'https://bookingupfile.s3.amazonaws.com/Image/1700527483380-anh-chipi-16.jpg'),(9,34,'https://bookingupfile.s3.amazonaws.com/Image/1700527483380-anh-chipi-16.jpg'),(10,36,'https://bookingupfile.s3.amazonaws.com/Image/1700527483380-anh-chipi-16.jpg'),(11,37,'https://bookingupfile.s3.amazonaws.com/Image/1700527483380-anh-chipi-16.jpg'),(12,38,'https://bookingupfile.s3.amazonaws.com/Image/1700527483380-anh-chipi-16.jpg'),(13,39,'https://bookingupfile.s3.amazonaws.com/Image/1700527483380-anh-chipi-16.jpg'),(14,40,'https://bookingupfile.s3.amazonaws.com/Image/1700527483380-anh-chipi-16.jpg'),(15,41,'https://bookingupfile.s3.amazonaws.com/Image/1700527483380-anh-chipi-16.jpg'),(16,58,'https://bookingupfile.s3.amazonaws.com/Image/1703391179221-a1.jpg'),(17,61,'https://bookingupfile.s3.amazonaws.com/Image/1700527483380-anh-chipi-16.jpg'),(18,62,'https://bookingupfile.s3.amazonaws.com/Image/1700527483380-anh-chipi-16.jpg'),(19,63,'https://bookingupfile.s3.amazonaws.com/Image/1700527483380-anh-chipi-16.jpg'),(20,64,'https://bookingupfile.s3.amazonaws.com/Image/1700527483380-anh-chipi-16.jpg'),(21,73,'https://bookingupfile.s3.amazonaws.com/Image/1700527483380-anh-chipi-16.jpg'),(22,80,'https://bookingupfile.s3.amazonaws.com/Image/1700527483380-anh-chipi-16.jpg'),(23,83,'https://bookingupfile.s3.amazonaws.com/Image/1700527483380-anh-chipi-16.jpg'),(24,84,'https://bookingupfile.s3.amazonaws.com/Image/1700527483380-anh-chipi-16.jpg');
/*!40000 ALTER TABLE `customer` ENABLE KEYS */;
UNLOCK TABLES;

--
-- Table structure for table `driver`
--

DROP TABLE IF EXISTS `driver`;
/*!40101 SET @saved_cs_client     = @@character_set_client */;
/*!50503 SET character_set_client = utf8mb4 */;
CREATE TABLE `driver` (
  `driver_id` int NOT NULL AUTO_INCREMENT,
  `user_id` int DEFAULT NULL,
  `begin_work_date` datetime(6) DEFAULT NULL,
  `issue_date` datetime(6) NOT NULL,
  `id_card` varchar(15) NOT NULL,
  `license_number` varchar(20) NOT NULL,
  `address` varchar(200) NOT NULL,
  `img` varchar(255) DEFAULT NULL,
  PRIMARY KEY (`driver_id`),
  UNIQUE KEY `UK_83rhth06evmv49g4liabxacc2` (`id_card`),
  UNIQUE KEY `UK_9yq25nknyh5y5gihylet1ypy9` (`license_number`),
  UNIQUE KEY `UK_g3oju5uudgl1cct873m6f2bfy` (`user_id`),
  CONSTRAINT `FKkux9gqt7e9mh4rd4oo4i5ov0f` FOREIGN KEY (`user_id`) REFERENCES `user` (`id`)
) ENGINE=InnoDB AUTO_INCREMENT=31 DEFAULT CHARSET=utf8mb4 COLLATE=utf8mb4_0900_ai_ci;
/*!40101 SET character_set_client = @saved_cs_client */;

--
-- Dumping data for table `driver`
--

LOCK TABLES `driver` WRITE;
/*!40000 ALTER TABLE `driver` DISABLE KEYS */;
INSERT INTO `driver` VALUES (1,9,'2023-11-29 07:00:00.000000','2023-11-01 07:00:00.000000','0363023018','0350120505','Trà Cú, Trà Vinh','https://bookingupfile.s3.amazonaws.com/Image/1700527483380-anh-chipi-16.jpg'),(2,16,'2021-02-10 00:00:00.000000','2023-11-05 00:00:00.000000','092349548395','90424234502','Cam Thuận, Cam Ranh','https://bookingupfile.s3.amazonaws.com/Image/1700527483380-anh-chipi-16.jpg'),(3,17,'2023-12-04 05:18:22.000000','2023-10-31 05:18:22.000000','092349548394','093985497533324','Đình Phong Phú, Quận 9, Thành phố Hồ Chí Minh','https://bookingupfile.s3.amazonaws.com/Image/1700527483380-anh-chipi-16.jpg'),(4,18,'2021-02-10 00:00:00.000000','2023-10-31 00:00:00.000000','092349548345','90433209502','Cam Thuận, Cam Ranh, Khánh Hòa','https://bookingupfile.s3.amazonaws.com/Image/1700527483380-anh-chipi-16.jpg'),(5,19,'2023-11-26 05:25:12.000000','2023-10-31 05:25:12.000000','092345223945','093922427533324','Cam Thuận, Cam Ranh, Khánh Hòa','https://bookingupfile.s3.amazonaws.com/Image/1700527483380-anh-chipi-16.jpg'),(6,20,'2023-11-27 05:27:02.000000','2023-11-27 05:27:02.000000','092311548394','014981197533324','Cam Thuận, Cam Ranh, Khánh Hòa','https://bookingupfile.s3.amazonaws.com/Image/1700527483380-anh-chipi-16.jpg'),(7,23,'2023-10-30 00:00:00.000000','2023-11-27 00:00:00.000000','092349548392','0939811944433324','Cam Thuận, Cam Ranh, Khánh Hòa','https://bookingupfile.s3.amazonaws.com/Image/1702104424333-anhthe.jpg'),(8,32,'2023-11-26 03:04:24.000000','2023-10-29 03:04:24.000000','056897384022','938048475828493','Tổ dân phố Thuận Hải, Cam Thuận, Cam Ranh, Khánh Hòa','https://bookingupfile.s3.amazonaws.com/Image/1700527483380-anh-chipi-16.jpg'),(9,43,'2023-12-17 00:00:00.000000','2023-11-26 00:00:00.000000','056897384032','7849399209323451','Tổ dân phố Thuận Hải, Cam Thuận, Cam Ranh, Khánh Hòa','https://bookingupfile.s3.amazonaws.com/Image/1700527483380-anh-chipi-16.jpg'),(10,44,'2023-12-19 00:00:00.000000','2023-10-29 00:00:00.000000','056897384999','7849399200323451','Quận 6, TP Hồ Chí Minh','https://bookingupfile.s3.amazonaws.com/Image/1700527483380-anh-chipi-16.jpg'),(11,45,'2023-12-19 00:00:00.000000','2023-10-29 00:00:00.000000','051097384999','7849809209323451','Quận 6, TP Hồ Chí Minh','https://bookingupfile.s3.amazonaws.com/Image/1700527483380-anh-chipi-16.jpg'),(12,46,'2023-12-19 00:00:00.000000','2023-10-01 00:00:00.000000','051097384339','7809709209323451','Quận 7, TP Hồ Chí Minh','https://bookingupfile.s3.amazonaws.com/Image/1700527483380-anh-chipi-16.jpg'),(13,47,'2023-12-19 00:00:00.000000','2023-10-01 00:00:00.000000','051097384331','7809709809323451','Quận 8, TP Hồ Chí Minh','https://bookingupfile.s3.amazonaws.com/Image/1700527483380-anh-chipi-16.jpg'),(14,48,'2023-12-19 00:00:00.000000','2023-10-01 00:00:00.000000','051097389031','7805609809323451','Quận 9, TP Hồ Chí Minh','https://bookingupfile.s3.amazonaws.com/Image/1700527483380-anh-chipi-16.jpg'),(15,49,'2023-12-20 00:00:00.000000','2023-10-01 00:00:00.000000','051907384331','7809709459323451','Quận 8, TP Hồ Chí Minh','https://bookingupfile.s3.amazonaws.com/Image/1700527483380-anh-chipi-16.jpg'),(16,50,'2023-12-20 07:00:00.000000','2023-12-20 07:00:00.000000','056323998980','GHN-010','Gò Vấp, Hồ Chí Minh','https://bookingupfile.s3.amazonaws.com/Image/1700527483380-anh-chipi-16.jpg'),(17,51,'2023-12-20 07:00:00.000000','2023-12-20 07:00:00.000000','056323998983','GH7-010','Gò Vấp, Hồ Chí Minh','https://bookingupfile.s3.amazonaws.com/Image/1700527483380-anh-chipi-16.jpg'),(18,52,'2023-12-20 00:00:00.000000','2023-10-01 00:00:00.000000','051000384311','7803909809323451','Quận 8, TP Hồ Chí Minh','https://bookingupfile.s3.amazonaws.com/Image/1700527483380-anh-chipi-16.jpg'),(19,53,'2023-12-20 00:00:00.000000','2023-10-01 00:00:00.000000','051000343311','7811909809323451','Quận 8, TP Hồ Chí Minh','https://bookingupfile.s3.amazonaws.com/Image/1700527483380-anh-chipi-16.jpg'),(20,54,'2023-12-22 00:00:00.000000','2023-10-01 00:00:00.000000','051000343304','7811909109323451','Quận 8, TP Hồ Chí Minh','https://bookingupfile.s3.amazonaws.com/Image/1700527483380-anh-chipi-16.jpg'),(21,55,'2023-12-22 00:00:00.000000','2023-10-01 00:00:00.000000','056897384023','7811901209323451','Quận 8, TP Hồ Chí Minh','https://bookingupfile.s3.amazonaws.com/Image/1700527483380-anh-chipi-16.jpg'),(22,56,'2023-12-22 00:00:00.000000','2023-10-01 00:00:00.000000','056897100233','7811900909323451','Quận 8, TP Hồ Chí Minh','https://bookingupfile.s3.amazonaws.com/Image/1700527483380-anh-chipi-16.jpg'),(23,57,'2023-12-23 00:00:00.000000','2023-12-23 00:00:00.000000','365232020201','7863BHD7','Nha Trang','https://bookingupfile.s3.amazonaws.com/Image/1700527483380-anh-chipi-16.jpg'),(24,60,'2023-12-24 00:00:00.000000','2023-12-24 00:00:00.000000','057897384022','78493992339323451','Tổ dân phố Thuận Hải, Cam Thuận, Cam Ranh, Khánh Hòa','https://bookingupfile.s3.amazonaws.com/Image/1700527483380-anh-chipi-16.jpg'),(25,68,'2024-01-05 00:00:00.000000','2024-01-13 00:00:00.000000','342353449023','23424234452','Đình Phong Phú, Quận 9, Thành phố Hồ Chí Minh','https://bookingupfile.s3.amazonaws.com/Image/1700527483380-anh-chipi-16.jpg'),(26,71,'2024-01-14 00:00:00.000000','2024-01-14 00:00:00.000000','342353545429','21435354365653','Lộc Xuân, Bến Nghé','https://bookingupfile.s3.amazonaws.com/Image/1700527483380-anh-chipi-16.jpg'),(27,72,'2024-01-14 00:00:00.000000','2024-01-14 00:00:00.000000','342322245423','21333354365653','Lộc Xuân, Bến Nghé','https://bookingupfile.s3.amazonaws.com/Image/1700527483380-anh-chipi-16.jpg'),(28,75,'2024-01-12 00:00:00.000000','2024-01-14 00:00:00.000000','340313449023','23004274452','Đình Phong Phú, Quận 9, Thành phố Hồ Chí Minh','https://bookingupfile.s3.amazonaws.com/Image/1700527483380-anh-chipi-16.jpg'),(29,79,'2024-01-12 00:00:00.000000','2024-01-15 00:00:00.000000','340313408023','23004124452','Đình Phong Phú, Quận 9, Thành phố Hồ Chí Minh','https://bookingupfile.s3.amazonaws.com/Image/1700527483380-anh-chipi-16.jpg'),(30,81,'2024-01-12 00:00:00.000000','2024-01-15 00:00:00.000000','340300408023','23004094452','Đình Phong Phú, Quận 9, Thành phố Hồ Chí Minh','https://bookingupfile.s3.amazonaws.com/Image/1700527483380-anh-chipi-16.jpg');
/*!40000 ALTER TABLE `driver` ENABLE KEYS */;
UNLOCK TABLES;

--
-- Table structure for table `history`
--

DROP TABLE IF EXISTS `history`;
/*!40101 SET @saved_cs_client     = @@character_set_client */;
/*!50503 SET character_set_client = utf8mb4 */;
CREATE TABLE `history` (
  `id` int NOT NULL AUTO_INCREMENT,
  `policy_id` int DEFAULT NULL,
  `ticket_id` int DEFAULT NULL,
  `transaction_id` int DEFAULT NULL,
  `user_id` int DEFAULT NULL,
  `timestamp` datetime(6) NOT NULL,
  `action` varchar(255) NOT NULL,
  PRIMARY KEY (`id`),
  KEY `FKngnerpp7ve3oehbxqaf8grxju` (`policy_id`),
  KEY `FKjwi92n01fb8qq489ln1qpsd62` (`ticket_id`),
  KEY `FKrewni415li435xlgoorwmveb0` (`transaction_id`),
  KEY `FKn4gjyu69m6xa5f3bot571imbe` (`user_id`),
  CONSTRAINT `FKjwi92n01fb8qq489ln1qpsd62` FOREIGN KEY (`ticket_id`) REFERENCES `ticket` (`id`),
  CONSTRAINT `FKn4gjyu69m6xa5f3bot571imbe` FOREIGN KEY (`user_id`) REFERENCES `user` (`id`),
  CONSTRAINT `FKngnerpp7ve3oehbxqaf8grxju` FOREIGN KEY (`policy_id`) REFERENCES `policy` (`id`),
  CONSTRAINT `FKrewni415li435xlgoorwmveb0` FOREIGN KEY (`transaction_id`) REFERENCES `transaction` (`id`)
) ENGINE=InnoDB AUTO_INCREMENT=111 DEFAULT CHARSET=utf8mb4 COLLATE=utf8mb4_0900_ai_ci;
/*!40101 SET character_set_client = @saved_cs_client */;

--
-- Dumping data for table `history`
--

LOCK TABLES `history` WRITE;
/*!40000 ALTER TABLE `history` DISABLE KEYS */;
INSERT INTO `history` VALUES (1,2,17,5,6,'2023-11-12 21:53:45.715261','Hủy'),(2,2,18,7,1,'2023-11-12 23:02:01.170947','Hủy'),(3,2,16,8,6,'2023-11-12 23:31:38.597434','Hủy'),(4,2,28,11,6,'2023-11-13 11:29:07.920002','Hủy'),(5,8,91,NULL,6,'2023-11-15 21:39:20.231654','Đổi'),(6,8,85,NULL,6,'2023-11-15 21:47:42.395396','Đổi'),(7,8,86,NULL,6,'2023-11-15 21:47:42.395396','Đổi'),(8,8,92,NULL,6,'2023-11-16 10:33:07.550074','Đổi'),(9,8,29,NULL,6,'2023-11-16 12:29:28.318521','Đổi'),(10,8,30,NULL,6,'2023-11-16 12:29:28.318574','Đổi'),(11,8,31,NULL,6,'2023-11-16 12:29:28.318589','Đổi'),(12,8,27,NULL,6,'2023-11-16 15:00:25.199564','Đổi'),(13,2,91,15,6,'2023-11-16 21:53:35.716253','Đổi'),(14,NULL,96,NULL,7,'2023-11-18 17:01:14.670191','Hủy'),(15,NULL,97,NULL,7,'2023-11-18 17:01:14.670191','Hủy'),(16,2,98,18,1,'2023-11-18 17:43:16.538250','Hủy'),(17,2,99,18,1,'2023-11-18 17:43:16.538250','Hủy'),(18,NULL,101,NULL,1,'2023-11-19 14:24:11.437755','Hủy'),(19,2,102,20,1,'2023-11-19 14:31:21.513829','Hủy'),(20,NULL,103,NULL,6,'2023-11-19 15:19:35.457425','Hủy'),(21,2,93,21,1,'2023-11-26 00:43:55.024194','Hủy'),(22,8,95,NULL,6,'2023-11-26 16:06:59.331327','Đổi'),(23,8,123,NULL,6,'2023-12-10 15:20:07.292673','Đổi'),(24,2,124,28,1,'2023-12-10 20:14:36.398307','Hủy'),(25,8,136,NULL,7,'2023-12-13 15:56:28.656462','Đổi'),(26,2,137,35,1,'2023-12-13 18:01:39.545089','Hủy'),(27,2,156,41,1,'2023-12-14 22:54:24.500309','Hủy'),(28,2,94,42,22,'2023-12-14 23:27:53.924245','Hủy'),(29,8,159,NULL,22,'2023-12-14 23:31:05.049433','Đổi'),(30,8,158,NULL,22,'2023-12-14 23:31:05.049718','Đổi'),(31,8,139,NULL,22,'2023-12-14 23:38:12.635453','Đổi'),(32,8,140,NULL,22,'2023-12-14 23:38:12.635508','Đổi'),(33,8,170,NULL,6,'2023-12-17 14:25:28.930470','Đổi'),(34,8,171,NULL,6,'2023-12-17 14:25:28.930498','Đổi'),(35,8,177,NULL,6,'2023-12-17 14:43:42.385289','Đổi'),(36,8,176,NULL,6,'2023-12-17 14:43:42.385317','Đổi'),(37,8,179,NULL,22,'2023-12-17 15:05:37.173040','Đổi'),(38,8,178,NULL,22,'2023-12-17 15:05:37.173070','Đổi'),(39,2,180,50,22,'2023-12-17 16:50:33.001370','Hủy'),(40,2,181,50,22,'2023-12-17 16:50:33.001429','Hủy'),(41,8,194,NULL,6,'2023-12-17 18:20:23.064061','Đổi'),(42,2,197,55,22,'2023-12-17 18:30:33.598490','Hủy'),(43,2,198,55,22,'2023-12-17 18:30:33.598512','Hủy'),(44,8,199,NULL,22,'2023-12-17 18:35:26.976488','Đổi'),(45,8,200,NULL,22,'2023-12-17 18:35:26.976519','Đổi'),(46,2,196,56,22,'2023-12-17 18:38:10.748413','Hủy'),(47,8,331,NULL,58,'2023-12-24 11:02:23.260076','Đổi'),(48,8,332,NULL,58,'2023-12-24 11:02:23.260151','Đổi'),(49,2,333,77,22,'2023-12-24 11:47:24.206135','Hủy'),(50,2,334,77,22,'2023-12-24 11:47:24.206145','Hủy'),(51,8,335,NULL,22,'2023-12-24 11:48:16.451701','Đổi'),(52,8,336,NULL,22,'2023-12-24 11:48:16.451715','Đổi'),(53,2,328,78,22,'2023-12-24 11:50:18.265923','Hủy'),(54,2,329,78,22,'2023-12-24 11:50:18.265938','Hủy'),(55,8,337,NULL,1,'2023-12-24 17:20:27.075099','Đổi'),(56,8,342,NULL,1,'2023-12-24 17:20:27.075114','Đổi'),(57,8,535,NULL,58,'2024-01-11 09:24:55.355895','Đổi'),(58,8,536,NULL,58,'2024-01-11 09:24:55.356210','Đổi'),(59,8,537,NULL,58,'2024-01-11 09:46:15.964657','Đổi'),(60,8,538,NULL,58,'2024-01-11 09:46:15.964677','Đổi'),(61,8,542,NULL,58,'2024-01-11 09:51:29.947683','Đổi'),(62,8,543,NULL,58,'2024-01-11 09:51:29.947699','Đổi'),(63,8,544,NULL,58,'2024-01-11 09:51:29.947702','Đổi'),(64,2,552,109,22,'2024-01-12 00:17:45.458362','Hủy'),(65,NULL,561,NULL,22,'2024-01-12 00:44:45.809243','Hủy'),(66,2,569,111,22,'2024-01-12 01:25:32.331294','Hủy'),(67,8,584,NULL,58,'2024-01-12 12:40:26.819319','Đổi'),(68,8,582,NULL,58,'2024-01-12 12:40:34.516340','Đổi'),(69,8,583,NULL,58,'2024-01-12 12:40:34.516468','Đổi'),(70,2,592,130,1,'2024-01-12 17:37:07.922989','Hủy'),(71,2,606,131,22,'2024-01-12 17:44:24.324447','Hủy'),(72,2,597,132,22,'2024-01-12 17:55:04.250071','Hủy'),(73,2,601,133,22,'2024-01-12 17:58:42.111420','Hủy'),(74,NULL,563,NULL,22,'2024-01-12 17:58:54.961561','Hủy'),(75,8,558,NULL,1,'2024-01-12 21:45:35.290111','Đổi'),(76,8,608,NULL,22,'2024-01-12 23:41:31.131522','Đổi'),(77,8,609,NULL,22,'2024-01-12 23:41:31.131540','Đổi'),(78,8,612,NULL,22,'2024-01-13 00:02:30.886287','Đổi'),(79,8,613,NULL,22,'2024-01-13 00:02:30.886303','Đổi'),(80,2,585,136,1,'2024-01-13 01:30:17.221470','Hủy'),(81,2,586,136,1,'2024-01-13 01:30:17.221485','Hủy'),(82,2,618,139,22,'2024-01-13 01:56:48.548292','Hủy'),(83,2,619,139,22,'2024-01-13 01:56:48.548309','Hủy'),(84,8,656,NULL,22,'2024-01-14 14:39:42.472191','Đổi'),(85,8,674,NULL,58,'2024-01-14 15:46:46.605136','Đổi'),(86,2,658,169,22,'2024-01-14 15:51:02.568922','Hủy'),(87,NULL,660,NULL,22,'2024-01-14 15:51:21.018361','Hủy'),(88,2,685,174,1,'2024-01-14 23:06:09.784189','Hủy'),(89,8,683,NULL,67,'2024-01-15 11:47:06.339810','Đổi'),(90,8,696,NULL,67,'2024-01-15 11:57:21.250766','Đổi'),(91,2,700,181,22,'2024-01-15 12:26:46.111633','Hủy'),(92,2,701,181,22,'2024-01-15 12:26:46.111645','Hủy'),(93,8,669,NULL,58,'2024-01-15 17:45:37.903395','Đổi'),(94,8,670,NULL,58,'2024-01-15 17:45:37.903410','Đổi'),(95,8,718,NULL,58,'2024-01-15 17:55:08.250648','Đổi'),(96,8,719,NULL,58,'2024-01-15 17:55:08.250661','Đổi'),(97,8,667,NULL,58,'2024-01-15 21:51:20.933138','Đổi'),(98,8,668,NULL,58,'2024-01-15 21:51:20.933154','Đổi'),(99,8,720,NULL,58,'2024-01-15 22:21:22.111041','Đổi'),(100,8,721,NULL,58,'2024-01-15 22:21:22.111055','Đổi'),(101,8,692,NULL,22,'2024-01-15 22:21:23.388912','Đổi'),(102,8,693,NULL,22,'2024-01-15 22:21:23.388928','Đổi'),(103,2,675,194,22,'2024-01-15 22:21:42.076225','Hủy'),(104,8,722,NULL,58,'2024-01-15 22:21:43.594658','Đổi'),(105,8,723,NULL,58,'2024-01-15 22:21:43.594672','Đổi'),(106,8,694,NULL,22,'2024-01-15 22:21:53.044800','Đổi'),(107,8,695,NULL,22,'2024-01-15 22:21:53.044817','Đổi'),(108,NULL,690,NULL,22,'2024-01-15 22:22:02.049875','Hủy'),(109,2,704,197,22,'2024-01-15 22:22:57.157654','Hủy'),(110,2,705,197,22,'2024-01-15 22:22:57.157669','Hủy');
/*!40000 ALTER TABLE `history` ENABLE KEYS */;
UNLOCK TABLES;

--
-- Table structure for table `location`
--

DROP TABLE IF EXISTS `location`;
/*!40101 SET @saved_cs_client     = @@character_set_client */;
/*!50503 SET character_set_client = utf8mb4 */;
CREATE TABLE `location` (
  `id` int NOT NULL AUTO_INCREMENT,
  `name` varchar(45) NOT NULL,
  `is_active` tinyint(1) DEFAULT NULL,
  PRIMARY KEY (`id`)
) ENGINE=InnoDB AUTO_INCREMENT=35 DEFAULT CHARSET=utf8mb4 COLLATE=utf8mb4_0900_ai_ci;
/*!40101 SET character_set_client = @saved_cs_client */;

--
-- Dumping data for table `location`
--

LOCK TABLES `location` WRITE;
/*!40000 ALTER TABLE `location` DISABLE KEYS */;
INSERT INTO `location` VALUES (1,'TP. Hồ Chí Minh',1),(2,'Thành phố Trà Vinh',1),(3,'Bến Tre',1),(4,'Cam Ranh City',1),(5,'Nha Trang',1),(6,'Phú Yên',1),(7,'Bình Định',1),(8,'Quảng Ngãi',1),(9,'Đà Nẵng',1),(10,'Đà Lạt',1),(11,'Vũng Tàu',1),(15,'Vĩnh Long',1),(16,'Vĩnh Hy',1),(17,'Vĩnh Thụy',1),(18,'Long An',1),(19,'Vĩnh Hảo',1),(20,'Bến Nghé',0),(21,'Vân Đình Tây',1),(22,'Tuy Hòa',1),(23,'An Giang',1),(24,'Nam Định',1),(25,'Bắc Cạn',1),(26,'Năm Căn',1),(27,'Cao Bằng',0),(28,'Hà Giang',1),(29,'Quảng Ninh',1),(30,'Tây Nguyên',1),(31,'Tỉnh Nghệ An',1),(32,'Tỉnh Hậu Giang',1),(33,'Tỉnh Quảng Nam',1),(34,'Quảng Trị',1);
/*!40000 ALTER TABLE `location` ENABLE KEYS */;
UNLOCK TABLES;

--
-- Table structure for table `policy`
--

DROP TABLE IF EXISTS `policy`;
/*!40101 SET @saved_cs_client     = @@character_set_client */;
/*!50503 SET character_set_client = utf8mb4 */;
CREATE TABLE `policy` (
  `id` int NOT NULL AUTO_INCREMENT,
  `action` varchar(255) NOT NULL,
  `min_number_required` int NOT NULL,
  `number_required` int NOT NULL,
  `time_required` float NOT NULL,
  `refund_rate` float NOT NULL,
  `for_special_day` tinyint(1) NOT NULL,
  `description` varchar(255) NOT NULL,
  PRIMARY KEY (`id`)
) ENGINE=InnoDB AUTO_INCREMENT=10 DEFAULT CHARSET=utf8mb4 COLLATE=utf8mb4_0900_ai_ci;
/*!40101 SET character_set_client = @saved_cs_client */;

--
-- Dumping data for table `policy`
--

LOCK TABLES `policy` WRITE;
/*!40000 ALTER TABLE `policy` DISABLE KEYS */;
INSERT INTO `policy` VALUES (1,'Hủy',1,3,0.5,0.7,0,'Khách hàng hủy từ 1-3 vé trước ít nhất 30p trước giờ khởi hành sẽ được hoàn 70% tiền vé đối với vé thường'),(2,'Hủy',1,3,4,0.9,0,'Khách hàng hủy từ 1-3 vé trước ít nhất 4 tiếng trước giờ khởi hành sẽ được hoàn 90% tiền vé đối với vé thường'),(3,'Hủy',4,9,24,0.9,0,'Khách hàng hủy từ 4-9 vé trước ít nhất 24 tiếng trước giờ khởi hành sẽ được hoàn 90% tiền vé đối với vé thường'),(4,'Hủy',10,30,48,0.9,0,'Khách hàng hủy từ 10 vé trở lên trước ít nhất 48 tiếng trước giờ khởi hành sẽ được hoàn 90% tiền vé đối với vé thường'),(5,'Hủy',1,3,24,0.7,1,'Khách hàng hủy từ 1-3 vé trở lên trước ít nhất 24 tiếng trước giờ khởi hành sẽ được hoàn 70% tiền vé đối với vé lễ'),(6,'Hủy',4,9,48,0.7,1,'Khách hàng hủy từ 4-9 vé trở lên trước ít nhất 48 tiếng trước giờ khởi hành sẽ được hoàn 70% tiền vé đối với vé lễ'),(7,'Hủy',10,30,72,0.7,1,'Khách hàng hủy từ 10 vé trở lên trước ít nhất 72 tiếng trước giờ khởi hành sẽ được hoàn 70% tiền vé đối với vé lễ'),(8,'Đổi',1,30,24,0,0,'Khách hàng được hỗ trợ đổi vé một lần duy nhất nếu yêu cầu đổi vé trước ít nhất 24 tiếng trước giờ khởi hành'),(9,'Sửa',0,0,4,0,1,'Khách hàng đượ hỗ trợ sửa vé bao gồm thay đổi trạm đón và trạm trả ít nhất 4 tiếng trước giờ khỏi hành');
/*!40000 ALTER TABLE `policy` ENABLE KEYS */;
UNLOCK TABLES;

--
-- Table structure for table `review`
--

DROP TABLE IF EXISTS `review`;
/*!40101 SET @saved_cs_client     = @@character_set_client */;
/*!50503 SET character_set_client = utf8mb4 */;
CREATE TABLE `review` (
  `id` int NOT NULL AUTO_INCREMENT,
  `rate` int NOT NULL,
  `reviewer_id` int DEFAULT NULL,
  `schedule_id` int DEFAULT NULL,
  `send_date` datetime(6) DEFAULT NULL,
  `comment` varchar(255) DEFAULT NULL,
  `state` varchar(255) NOT NULL,
  PRIMARY KEY (`id`),
  KEY `FKt58e9mdgxpl7j90ketlaosmx4` (`reviewer_id`),
  KEY `FK782ghumk9ybsqm46ygkfab5p9` (`schedule_id`),
  CONSTRAINT `FK782ghumk9ybsqm46ygkfab5p9` FOREIGN KEY (`schedule_id`) REFERENCES `schedule` (`id`),
  CONSTRAINT `FKt58e9mdgxpl7j90ketlaosmx4` FOREIGN KEY (`reviewer_id`) REFERENCES `user` (`id`)
) ENGINE=InnoDB AUTO_INCREMENT=2 DEFAULT CHARSET=utf8mb4 COLLATE=utf8mb4_0900_ai_ci;
/*!40101 SET character_set_client = @saved_cs_client */;

--
-- Dumping data for table `review`
--

LOCK TABLES `review` WRITE;
/*!40000 ALTER TABLE `review` DISABLE KEYS */;
INSERT INTO `review` VALUES (1,5,7,2,'2024-02-01 20:15:39.775589','Nhà xe uy tín chất lượng, nhân viên hỗ trợ nhiệt tình lắm ạ','Đã phê duyệt');
/*!40000 ALTER TABLE `review` ENABLE KEYS */;
UNLOCK TABLES;

--
-- Table structure for table `role`
--

DROP TABLE IF EXISTS `role`;
/*!40101 SET @saved_cs_client     = @@character_set_client */;
/*!50503 SET character_set_client = utf8mb4 */;
CREATE TABLE `role` (
  `id` int NOT NULL AUTO_INCREMENT,
  `role_name` varchar(255) NOT NULL,
  PRIMARY KEY (`id`)
) ENGINE=InnoDB AUTO_INCREMENT=5 DEFAULT CHARSET=utf8mb4 COLLATE=utf8mb4_0900_ai_ci;
/*!40101 SET character_set_client = @saved_cs_client */;

--
-- Dumping data for table `role`
--

LOCK TABLES `role` WRITE;
/*!40000 ALTER TABLE `role` DISABLE KEYS */;
INSERT INTO `role` VALUES (1,'ADMIN'),(2,'STAFF'),(3,'DRIVER'),(4,'CUSTOMER');
/*!40000 ALTER TABLE `role` ENABLE KEYS */;
UNLOCK TABLES;

--
-- Table structure for table `route`
--

DROP TABLE IF EXISTS `route`;
/*!40101 SET @saved_cs_client     = @@character_set_client */;
/*!50503 SET character_set_client = utf8mb4 */;
CREATE TABLE `route` (
  `id` int NOT NULL AUTO_INCREMENT,
  `departure` int DEFAULT NULL,
  `destination` int DEFAULT NULL,
  `distance` int NOT NULL,
  `hours` float DEFAULT NULL,
  `bus_type_id` int DEFAULT NULL,
  `parents` int DEFAULT NULL,
  `price` int NOT NULL,
  `schedule` varchar(250) DEFAULT NULL,
  `is_active` tinyint(1) DEFAULT NULL,
  PRIMARY KEY (`id`),
  KEY `FKarop7dhnaa2oqq9mw0basrene` (`bus_type_id`),
  KEY `FK6dehqee3my0e1od55x7thmn7w` (`departure`),
  KEY `FKp23usym48llu9imd6e8uy5ew9` (`destination`),
  CONSTRAINT `FK6dehqee3my0e1od55x7thmn7w` FOREIGN KEY (`departure`) REFERENCES `location` (`id`),
  CONSTRAINT `FKarop7dhnaa2oqq9mw0basrene` FOREIGN KEY (`bus_type_id`) REFERENCES `bus_type` (`id`),
  CONSTRAINT `FKp23usym48llu9imd6e8uy5ew9` FOREIGN KEY (`destination`) REFERENCES `location` (`id`)
) ENGINE=InnoDB AUTO_INCREMENT=26 DEFAULT CHARSET=utf8mb4 COLLATE=utf8mb4_0900_ai_ci;
/*!40101 SET character_set_client = @saved_cs_client */;

--
-- Dumping data for table `route`
--

LOCK TABLES `route` WRITE;
/*!40000 ALTER TABLE `route` DISABLE KEYS */;
INSERT INTO `route` VALUES (1,1,2,139,4.5,2,7,100000,'QL1A -> Tân An -> Mỹ Tho -> Bến Tre ',1),(2,1,3,145,2.75,2,1,50000,'TP. Hồ Chí Minh -> Bến Tre',1),(3,1,4,350,8,2,4,250000,'QL1A -> Đồng Nai -> Bình Thuận -> Ninh Thuận -> Cam Ranh',1),(4,1,5,450,9.66667,3,5,30,'QL1A -> Đồng Nai -> Bình Thuận -> Ninh Thuận -> Cam Ranh -> Nha Trang',1),(5,1,6,506,12.6,3,6,310000,'QL1A -> Đồng Nai -> Bình Thuận -> Ninh Thuận -> Cam Ranh -> Nha Trang -> Phú Yên',1),(6,1,7,585,14,3,7,350000,'QL1A -> Đồng Nai -> Bình Thuận -> Ninh Thuận -> Cam Ranh -> Nha Trang -> Bình Định',1),(7,1,8,812,16,3,8,400000,'QL1A -> Đồng Nai -> Bình Thuận -> Ninh Thuận -> Cam Ranh -> Nha Trang -> Bình Định -> Quảng Ngãi',1),(8,1,9,957,17.9,3,0,420000,'QL1A -> Đồng Nai -> Bình Thuận -> Ninh Thuận -> Cam Ranh -> Nha Trang -> Bình Định -> Quảng Ngãi -> Quảng Nam -> Đà Nẵng',1),(9,1,10,305,8,3,NULL,200000,'QL1A -> Đồng Nai -> Bảo Lộc -> QL20 -> Đà Lạt',1),(10,1,11,105,3.6,1,NULL,100000,'QL51 -> Biên Hòa -> Long Thành -> QL56 -> Vũng Tàu',1),(11,9,5,528,9.3,2,NULL,400000,'QL1A -> Quảng Nam -> Quảng Ngãi -> Bình Định -> Phú Yên -> Nha Trang',1),(12,9,10,666,17,2,NULL,450000,'QL1A -> Quảng Nam -> Quảng Ngãi -> Bình Định -> Phú Yên -> Nha Trang-> Phan Rang -> QL27 -> Đà Lạt',1),(16,4,7,154,4.08333,2,6,150000,'Cam Ranh -> Nha Trang -> Phú Yên -> Bình Định',1),(18,24,4,100,5.5,2,3,500000,NULL,0),(19,9,11,925,11.0833,3,0,700000,NULL,1),(20,15,23,121,1.83333,2,0,150000,NULL,1),(21,7,23,877,10.9167,3,20,423424,'Bình Định -> Phú Yên -> An Giang',0),(22,1,30,1949,24,2,0,1000000,'TP. Hồ Chí Minh -> Tây Nguyên',1),(23,5,15,561,6.81667,2,0,1000000,'Nha Trang -> HCM -> Vĩnh Long',1),(24,5,18,491,6.01667,3,0,560000,'nt -> la',1),(25,4,18,435,5.31667,3,0,1000000,'Cam Ranh -> HCM -> Vĩnh Long',1);
/*!40000 ALTER TABLE `route` ENABLE KEYS */;
UNLOCK TABLES;

--
-- Table structure for table `schedule`
--

DROP TABLE IF EXISTS `schedule`;
/*!40101 SET @saved_cs_client     = @@character_set_client */;
/*!50503 SET character_set_client = utf8mb4 */;
CREATE TABLE `schedule` (
  `id` int NOT NULL AUTO_INCREMENT,
  `depart_date` date NOT NULL,
  `depart_time` time NOT NULL,
  `availability` int DEFAULT NULL,
  `ticket_price` int NOT NULL,
  `finish_time` time(6) NOT NULL,
  `special_day_id` int DEFAULT NULL,
  `trip_id` int DEFAULT NULL,
  `driver_id` int DEFAULT NULL,
  `bus_id` int DEFAULT NULL,
  `note` varchar(45) DEFAULT NULL,
  PRIMARY KEY (`id`),
  KEY `FKgl8nsr9ti0siey2cae9qlykv` (`special_day_id`),
  KEY `FKhk20mlu1gcwrnrxxkj23qhr0n` (`trip_id`),
  KEY `driver_FK_idx` (`driver_id`),
  KEY `bus_FKHIHI_idx` (`bus_id`),
  CONSTRAINT `bus_FKHIHI` FOREIGN KEY (`bus_id`) REFERENCES `bus` (`id`),
  CONSTRAINT `driver_FK` FOREIGN KEY (`driver_id`) REFERENCES `driver` (`driver_id`),
  CONSTRAINT `FKgl8nsr9ti0siey2cae9qlykv` FOREIGN KEY (`special_day_id`) REFERENCES `special_day` (`id`),
  CONSTRAINT `FKhk20mlu1gcwrnrxxkj23qhr0n` FOREIGN KEY (`trip_id`) REFERENCES `trip` (`id`)
) ENGINE=InnoDB AUTO_INCREMENT=589 DEFAULT CHARSET=utf8mb4 COLLATE=utf8mb4_0900_ai_ci;
/*!40101 SET character_set_client = @saved_cs_client */;

--
-- Dumping data for table `schedule`
--

LOCK TABLES `schedule` WRITE;
/*!40000 ALTER TABLE `schedule` DISABLE KEYS */;
INSERT INTO `schedule` VALUES (1,'2023-12-12','08:00:00',0,130000,'00:00:00.000000',NULL,1,1,1,''),(2,'2023-12-12','09:00:00',1,130000,'00:00:00.000000',NULL,1,3,2,''),(3,'2023-12-12','10:00:00',1,130000,'00:00:00.000000',NULL,1,NULL,NULL,''),(4,'2023-12-12','11:00:00',3,130000,'00:00:00.000000',NULL,1,NULL,NULL,'Xe có lộ trình đi cao tốc'),(5,'2023-12-12','15:30:00',4,130000,'00:00:00.000000',NULL,1,1,1,'Xe có lộ trình đi cao tốc'),(6,'2023-12-12','16:00:00',1,130000,'00:00:00.000000',NULL,1,NULL,NULL,'Xe có lộ trình đi cao tốc'),(7,'2023-11-21','20:00:00',6,130000,'00:00:00.000000',NULL,1,NULL,NULL,'Xe có lộ trình đi cao tốc'),(8,'2023-12-12','10:30:00',7,100000,'00:00:00.000000',NULL,2,NULL,NULL,'Xe có lộ trình đi cao tốc'),(9,'2023-12-12','11:30:00',4,100000,'00:00:00.000000',NULL,2,NULL,NULL,'Xe có lộ trình đi cao tốc'),(10,'2023-12-12','12:30:00',9,100000,'00:00:00.000000',NULL,2,NULL,NULL,'Xe có lộ trình đi cao tốc'),(11,'2023-12-12','13:30:00',0,100000,'00:00:00.000000',NULL,2,NULL,NULL,'Xe có lộ trình đi cao tốc'),(12,'2023-12-12','15:30:00',10,100000,'00:00:00.000000',NULL,2,NULL,NULL,'Xe có lộ trình đi cao tốc'),(13,'2023-12-12','16:45:00',11,100000,'00:00:00.000000',NULL,2,NULL,NULL,'Xe có lộ trình đi cao tốc'),(14,'2023-12-12','18:00:00',12,250000,'00:00:00.000000',NULL,3,NULL,NULL,'Xe có lộ trình đi cao tốc'),(15,'2023-12-12','19:00:00',32,250000,'00:00:00.000000',NULL,3,NULL,NULL,''),(16,'2023-12-12','20:00:00',11,250000,'00:00:00.000000',NULL,3,NULL,NULL,''),(17,'2023-12-12','21:00:00',0,275000,'00:00:00.000000',NULL,4,NULL,NULL,''),(18,'2023-12-12','22:00:00',6,275000,'00:00:00.000000',NULL,4,NULL,NULL,''),(19,'2023-12-12','23:00:00',5,275000,'00:00:00.000000',NULL,4,NULL,NULL,'Xe có lộ trình đi cao tốc'),(20,'2023-12-12','07:00:00',9,275000,'00:00:00.000000',NULL,4,NULL,NULL,'Xe có lộ trình đi cao tốc'),(21,'2023-12-12','08:00:00',30,275000,'00:00:00.000000',NULL,4,NULL,NULL,'Xe có lộ trình đi cao tốc'),(22,'2023-12-12','09:00:00',2,300000,'00:00:00.000000',NULL,5,NULL,NULL,'Xe có lộ trình đi cao tốc'),(23,'2023-12-12','09:30:00',3,300000,'00:00:00.000000',NULL,5,NULL,NULL,'Xe có lộ trình đi cao tốc'),(24,'2023-12-12','08:45:00',6,300000,'00:00:00.000000',NULL,5,NULL,NULL,'Xe có lộ trình đi cao tốc'),(25,'2023-12-12','10:00:00',6,300000,'00:00:00.000000',NULL,5,NULL,NULL,''),(26,'2023-12-12','23:00:00',5,300000,'00:00:00.000000',NULL,5,NULL,NULL,''),(27,'2023-12-12','19:00:00',10,300000,'00:00:00.000000',NULL,5,NULL,NULL,'Xe có lộ trình đi cao tốc'),(28,'2023-12-12','18:00:00',0,350000,'00:00:00.000000',NULL,6,NULL,NULL,'Xe có lộ trình đi cao tốc'),(29,'2023-12-12','18:30:00',0,350000,'00:00:00.000000',NULL,6,NULL,NULL,'Xe có lộ trình đi cao tốc'),(30,'2023-12-12','20:20:00',3,350000,'00:00:00.000000',NULL,6,NULL,NULL,'Xe có lộ trình đi cao tốc'),(31,'2023-12-12','10:40:00',9,350000,'00:00:00.000000',NULL,6,NULL,NULL,'Xe có lộ trình đi cao tốc'),(32,'2023-12-12','11:00:00',7,350000,'00:00:00.000000',NULL,6,NULL,NULL,''),(33,'2023-12-12','12:00:00',13,350000,'00:00:00.000000',NULL,6,NULL,NULL,''),(34,'2023-12-12','14:00:00',13,400000,'00:00:00.000000',NULL,7,NULL,NULL,''),(35,'2023-12-12','15:00:00',1,400000,'00:00:00.000000',NULL,7,NULL,NULL,''),(36,'2023-12-12','18:00:00',18,400000,'00:00:00.000000',NULL,7,NULL,NULL,''),(37,'2023-12-12','20:00:00',18,400000,'00:00:00.000000',NULL,7,NULL,NULL,''),(38,'2023-12-12','21:00:00',19,400000,'00:00:00.000000',NULL,7,NULL,NULL,''),(39,'2023-12-12','23:00:00',21,400000,'00:00:00.000000',NULL,7,NULL,NULL,''),(40,'2023-12-12','15:30:00',11,450000,'00:00:00.000000',NULL,8,NULL,NULL,'Xe có lộ trình đi cao tốc'),(41,'2023-12-12','12:30:00',22,450000,'00:00:00.000000',NULL,8,NULL,NULL,'Xe có lộ trình đi cao tốc'),(42,'2023-12-12','16:00:00',24,450000,'00:00:00.000000',NULL,8,NULL,NULL,''),(43,'2023-12-12','17:00:00',25,450000,'00:00:00.000000',NULL,8,NULL,NULL,''),(44,'2023-12-12','18:00:00',25,450000,'00:00:00.000000',NULL,8,NULL,NULL,''),(45,'2023-12-12','19:45:00',26,450000,'00:00:00.000000',NULL,8,NULL,NULL,''),(46,'2023-12-12','20:50:00',24,450000,'00:00:00.000000',NULL,8,NULL,NULL,''),(47,'2023-12-12','08:10:00',10,450000,'00:00:00.000000',NULL,8,NULL,NULL,''),(48,'2023-12-12','05:30:00',8,480000,'00:00:00.000000',NULL,9,NULL,NULL,''),(49,'2023-12-12','06:30:00',8,480000,'00:00:00.000000',NULL,9,NULL,NULL,''),(50,'2023-12-12','07:30:00',8,480000,'00:00:00.000000',NULL,9,NULL,NULL,'Xe có lộ trình đi cao tốc'),(51,'2023-12-12','08:40:00',8,480000,'00:00:00.000000',NULL,9,NULL,NULL,''),(52,'2023-12-12','15:35:00',8,480000,'00:00:00.000000',NULL,9,NULL,NULL,''),(53,'2023-12-12','18:10:00',8,480000,'00:00:00.000000',NULL,9,NULL,NULL,''),(54,'2023-12-12','19:30:00',7,480000,'00:00:00.000000',NULL,9,NULL,NULL,''),(55,'2023-12-12','18:30:00',8,480000,'00:00:00.000000',NULL,9,NULL,NULL,''),(56,'2023-12-12','19:45:00',5,480000,'00:00:00.000000',NULL,9,NULL,NULL,'Xe có lộ trình đi cao tốc'),(57,'2023-12-12','10:00:00',8,500000,'00:00:00.000000',NULL,10,NULL,NULL,''),(58,'2023-12-12','11:00:00',8,500000,'00:00:00.000000',NULL,10,NULL,NULL,''),(59,'2023-12-12','12:00:00',8,500000,'00:00:00.000000',NULL,10,NULL,NULL,''),(60,'2023-12-12','13:00:00',8,500000,'00:00:00.000000',NULL,10,NULL,NULL,''),(61,'2023-12-12','14:00:00',8,500000,'00:00:00.000000',NULL,10,NULL,NULL,''),(62,'2023-12-12','18:00:00',8,500000,'00:00:00.000000',NULL,10,NULL,NULL,''),(63,'2023-12-12','19:00:00',8,500000,'00:00:00.000000',NULL,10,NULL,NULL,''),(64,'2023-12-12','20:00:00',8,500000,'00:00:00.000000',NULL,10,NULL,NULL,'Xe có lộ trình đi cao tốc'),(65,'2023-12-12','21:00:00',8,500000,'00:00:00.000000',NULL,10,NULL,NULL,''),(66,'2023-12-12','22:00:00',8,500000,'00:00:00.000000',NULL,10,NULL,NULL,''),(67,'2023-12-12','23:00:00',8,510000,'00:00:00.000000',NULL,11,NULL,NULL,''),(68,'2023-12-12','07:00:00',8,510000,'00:00:00.000000',NULL,11,NULL,NULL,''),(69,'2023-12-12','08:30:00',8,510000,'00:00:00.000000',NULL,11,NULL,NULL,''),(70,'2023-12-12','09:40:00',8,510000,'00:00:00.000000',NULL,11,NULL,NULL,''),(71,'2023-12-12','10:00:00',8,510000,'00:00:00.000000',NULL,11,NULL,NULL,''),(72,'2023-12-12','11:00:00',8,520000,'00:00:00.000000',NULL,12,NULL,NULL,'Xe có lộ trình đi cao tốc'),(73,'2023-12-12','12:30:00',8,520000,'00:00:00.000000',NULL,12,NULL,NULL,''),(74,'2023-12-12','15:30:00',8,520000,'00:00:00.000000',NULL,12,NULL,NULL,''),(75,'2023-12-12','19:00:00',10,520000,'00:00:00.000000',NULL,12,NULL,NULL,''),(76,'2023-12-12','20:00:00',7,530000,'00:00:00.000000',NULL,13,NULL,NULL,''),(77,'2023-12-12','21:45:00',7,530000,'00:00:00.000000',NULL,13,NULL,NULL,''),(78,'2023-12-12','13:00:00',7,530000,'00:00:00.000000',NULL,13,NULL,NULL,''),(79,'2023-12-12','14:00:00',7,530000,'00:00:00.000000',NULL,13,NULL,NULL,'Xe có lộ trình đi cao tốc'),(80,'2023-12-12','18:00:00',7,540000,'00:00:00.000000',NULL,14,NULL,NULL,''),(81,'2023-12-12','19:00:00',5,540000,'00:00:00.000000',NULL,15,NULL,NULL,''),(82,'2023-12-12','20:00:00',7,540000,'00:00:00.000000',NULL,14,NULL,NULL,''),(83,'2023-12-12','20:30:00',7,540000,'00:00:00.000000',NULL,15,NULL,NULL,''),(84,'2023-12-12','10:40:00',7,540000,'00:00:00.000000',NULL,15,NULL,NULL,''),(85,'2023-12-12','09:45:00',7,540000,'00:00:00.000000',NULL,15,NULL,NULL,''),(86,'2023-12-12','13:45:00',15,540000,'00:00:00.000000',NULL,15,NULL,NULL,''),(87,'2023-12-12','10:10:00',7,540000,'00:00:00.000000',NULL,16,NULL,NULL,'Xe có lộ trình đi cao tốc'),(88,'2023-12-12','10:10:00',9,300000,'00:00:00.000000',NULL,16,NULL,NULL,''),(89,'2023-12-12','20:30:00',1,300000,'00:00:00.000000',NULL,16,NULL,NULL,''),(90,'2023-12-12','21:00:00',4,300000,'00:00:00.000000',NULL,16,NULL,NULL,''),(91,'2023-12-12','17:00:00',4,300000,'00:00:00.000000',NULL,16,NULL,NULL,''),(92,'2023-12-12','19:00:00',4,300000,'00:00:00.000000',NULL,16,NULL,NULL,''),(93,'2023-12-12','20:00:00',4,300000,'00:00:00.000000',NULL,16,NULL,NULL,''),(94,'2023-12-12','21:00:00',4,350000,'00:00:00.000000',NULL,17,NULL,NULL,''),(95,'2023-12-12','21:30:00',4,350000,'00:00:00.000000',NULL,18,NULL,NULL,''),(96,'2023-12-12','22:50:00',4,350000,'00:00:00.000000',NULL,18,NULL,NULL,''),(97,'2023-12-12','23:30:00',3,350000,'00:00:00.000000',NULL,18,NULL,NULL,'Xe có lộ trình đi cao tốc'),(98,'2023-12-12','12:30:00',4,350000,'00:00:00.000000',NULL,18,NULL,NULL,''),(99,'2023-12-12','12:00:00',4,350000,'00:00:00.000000',NULL,19,NULL,NULL,''),(100,'2023-12-12','17:00:00',4,350000,'00:00:00.000000',NULL,19,NULL,NULL,''),(101,'2023-12-12','17:30:00',8,350000,'00:00:00.000000',NULL,19,NULL,NULL,''),(102,'2023-12-12','20:45:00',7,350000,'00:00:00.000000',NULL,19,NULL,NULL,''),(103,'2023-12-12','21:00:00',33,350000,'00:00:00.000000',NULL,19,NULL,NULL,''),(104,'2023-12-12','22:00:00',23,350000,'00:00:00.000000',NULL,19,NULL,NULL,''),(105,'2023-12-12','22:30:00',11,350000,'00:00:00.000000',NULL,19,NULL,NULL,''),(106,'2023-12-12','07:00:00',5,350000,'00:00:00.000000',NULL,19,NULL,NULL,''),(107,'2023-12-12','06:00:00',7,350000,'00:00:00.000000',NULL,20,NULL,NULL,''),(108,'2023-12-12','09:00:00',8,400000,'00:00:00.000000',NULL,20,NULL,NULL,''),(109,'2023-12-12','10:00:00',9,400000,'00:00:00.000000',NULL,20,NULL,NULL,'Xe có lộ trình đi cao tốc'),(110,'2023-12-12','12:00:00',9,400000,'00:00:00.000000',NULL,21,NULL,NULL,''),(111,'2023-12-12','14:50:00',9,400000,'00:00:00.000000',NULL,21,NULL,NULL,''),(112,'2023-12-12','16:45:00',9,400000,'00:00:00.000000',NULL,21,NULL,NULL,''),(113,'2023-12-12','13:50:00',9,400000,'00:00:00.000000',NULL,21,NULL,NULL,''),(114,'2023-12-12','17:30:00',9,400000,'00:00:00.000000',NULL,22,NULL,NULL,''),(115,'2023-12-12','18:00:00',9,400000,'00:00:00.000000',NULL,22,NULL,NULL,''),(116,'2023-12-12','19:00:00',9,400000,'00:00:00.000000',NULL,22,NULL,NULL,''),(117,'2023-12-12','20:00:00',9,400000,'00:00:00.000000',NULL,22,NULL,NULL,''),(118,'2023-12-12','21:00:00',9,400000,'00:00:00.000000',NULL,23,NULL,NULL,'Xe có lộ trình đi cao tốc'),(119,'2023-12-12','23:00:00',9,400000,'00:00:00.000000',NULL,23,NULL,NULL,''),(120,'2023-12-12','17:00:00',9,400000,'00:00:00.000000',NULL,23,NULL,NULL,''),(121,'2023-12-12','18:00:00',9,400000,'00:00:00.000000',NULL,23,NULL,NULL,''),(122,'2023-12-12','19:00:00',9,400000,'00:00:00.000000',NULL,24,NULL,NULL,''),(123,'2023-12-12','17:45:00',9,200000,'00:00:00.000000',NULL,24,NULL,NULL,''),(124,'2023-12-12','07:45:00',9,200000,'00:00:00.000000',NULL,24,NULL,NULL,''),(125,'2023-12-12','08:45:00',2,200000,'00:00:00.000000',NULL,24,NULL,NULL,''),(126,'2023-12-12','07:50:00',5,200000,'00:00:00.000000',NULL,25,NULL,NULL,'Xe có lộ trình đi cao tốc'),(127,'2023-12-12','07:30:00',5,200000,'00:00:00.000000',NULL,25,NULL,NULL,''),(128,'2023-12-12','08:30:00',5,200000,'00:00:00.000000',NULL,25,NULL,NULL,''),(129,'2023-12-12','09:30:00',5,200000,'00:00:00.000000',NULL,25,NULL,NULL,''),(130,'2023-12-12','10:30:00',5,200000,'00:00:00.000000',NULL,25,NULL,NULL,''),(131,'2023-12-12','12:45:00',5,200000,'00:00:00.000000',NULL,26,NULL,NULL,''),(132,'2023-12-12','12:45:00',5,200000,'00:00:00.000000',NULL,26,NULL,NULL,''),(133,'2023-12-12','13:45:00',5,200000,'00:00:00.000000',NULL,27,NULL,NULL,''),(134,'2023-12-12','17:30:00',5,200000,'00:00:00.000000',NULL,27,NULL,NULL,'Xe có lộ trình đi cao tốc'),(135,'2023-12-12','15:30:00',5,300000,'00:00:00.000000',NULL,27,NULL,NULL,''),(136,'2023-12-12','16:30:00',5,300000,'00:00:00.000000',NULL,27,NULL,NULL,''),(137,'2023-12-12','17:45:00',5,300000,'00:00:00.000000',NULL,27,NULL,NULL,''),(138,'2023-12-12','18:30:00',5,300000,'00:00:00.000000',NULL,28,NULL,NULL,''),(139,'2023-12-12','19:30:00',5,300000,'00:00:00.000000',NULL,28,NULL,NULL,''),(140,'2023-12-12','20:30:00',5,300000,'00:00:00.000000',NULL,28,NULL,NULL,''),(141,'2023-12-12','20:00:00',5,300000,'00:00:00.000000',NULL,28,NULL,NULL,''),(142,'2023-12-12','21:00:00',5,300000,'00:00:00.000000',NULL,28,NULL,NULL,''),(143,'2023-12-12','22:45:00',5,300000,'00:00:00.000000',NULL,28,NULL,NULL,''),(144,'2023-12-12','23:00:00',5,250000,'00:00:00.000000',NULL,29,NULL,NULL,''),(145,'2023-12-12','12:20:00',5,100000,'00:00:00.000000',NULL,29,NULL,NULL,''),(146,'2023-12-12','15:30:00',5,250000,'00:00:00.000000',NULL,29,NULL,NULL,''),(147,'2023-12-12','21:00:00',5,250000,'00:00:00.000000',NULL,29,NULL,NULL,''),(148,'2023-12-12','22:00:00',5,250000,'00:00:00.000000',NULL,29,NULL,NULL,'Xe có lộ trình đi cao tốc'),(149,'2023-12-12','23:00:00',5,250000,'00:00:00.000000',NULL,30,NULL,NULL,''),(150,'2023-12-12','05:00:00',5,250000,'00:00:00.000000',NULL,30,NULL,NULL,''),(151,'2023-12-12','06:00:00',5,250000,'00:00:00.000000',NULL,30,NULL,NULL,''),(152,'2023-12-12','07:00:00',5,250000,'00:00:00.000000',NULL,30,NULL,NULL,''),(153,'2023-12-12','08:00:00',5,250000,'00:00:00.000000',NULL,30,NULL,NULL,''),(154,'2023-12-12','08:00:00',5,250000,'00:00:00.000000',NULL,31,NULL,NULL,''),(155,'2023-12-12','10:35:00',5,250000,'00:00:00.000000',NULL,31,NULL,NULL,''),(156,'2023-12-12','11:45:00',5,100000,'00:00:00.000000',NULL,31,NULL,NULL,''),(157,'2023-12-12','12:45:00',5,100000,'00:00:00.000000',NULL,31,NULL,NULL,''),(158,'2023-12-12','12:00:00',5,100000,'00:00:00.000000',NULL,32,NULL,NULL,''),(159,'2023-12-12','12:00:00',5,100000,'00:00:00.000000',NULL,32,NULL,NULL,''),(160,'2023-12-12','10:10:00',5,100000,'00:00:00.000000',NULL,32,NULL,NULL,''),(161,'2023-12-12','15:30:00',5,100000,'00:00:00.000000',NULL,32,NULL,NULL,''),(162,'2023-12-12','20:30:00',5,100000,'00:00:00.000000',NULL,32,NULL,NULL,''),(163,'2023-12-12','20:45:00',5,100000,'00:00:00.000000',NULL,33,NULL,NULL,''),(164,'2023-12-12','23:45:00',5,100000,'00:00:00.000000',NULL,33,NULL,NULL,''),(165,'2023-12-12','12:50:00',5,100000,'00:00:00.000000',NULL,33,NULL,NULL,''),(166,'2023-12-12','13:35:00',5,100000,'00:00:00.000000',NULL,33,NULL,NULL,''),(167,'2023-12-12','14:00:00',5,100000,'00:00:00.000000',NULL,33,NULL,NULL,''),(168,'2023-12-12','14:35:00',5,100000,'00:00:00.000000',NULL,34,NULL,NULL,'Xe có lộ trình đi cao tốc'),(169,'2023-12-12','15:00:00',5,100000,'00:00:00.000000',NULL,34,NULL,NULL,''),(170,'2023-12-12','16:45:00',5,100000,'00:00:00.000000',NULL,34,NULL,NULL,''),(171,'2023-12-12','17:00:00',5,100000,'00:00:00.000000',NULL,34,NULL,NULL,''),(172,'2023-12-12','19:00:00',5,100000,'00:00:00.000000',NULL,34,NULL,NULL,''),(185,'2023-12-11','13:00:00',33,120000,'00:00:00.000000',NULL,1,NULL,NULL,'Xe chạy chậm'),(186,'2023-12-11','15:00:00',33,120000,'00:00:00.000000',NULL,1,NULL,NULL,'Xe chạy chậm'),(187,'2023-12-13','07:00:00',33,120000,'00:00:00.000000',NULL,1,3,NULL,'Xe có lộ trình đi ngang cầu Rạch Miễu'),(188,'2023-12-13','11:00:00',33,120000,'00:00:00.000000',NULL,1,1,2,'string'),(189,'2023-12-14','07:00:00',33,120000,'00:00:00.000000',NULL,1,2,NULL,'Xe đi ngang qua cầu Rạch Miễu'),(190,'2023-12-14','13:00:00',32,120000,'00:00:00.000000',NULL,2,NULL,NULL,'Xe đi ngang qua cầu Rạch Miễu'),(191,'2023-12-14','11:00:00',33,120000,'00:00:00.000000',NULL,1,3,2,'Xe đi ngang qua cầu Rạch Miễu'),(192,'2023-12-15','13:00:00',33,120000,'00:00:00.000000',NULL,2,NULL,NULL,'Xe đi ngang qua cầu Rạch Miễu'),(193,'2023-12-15','07:00:00',33,120000,'00:00:00.000000',NULL,1,1,NULL,'Xe đi ngang qua cầu Rạch Miễu'),(194,'2023-12-15','11:00:00',20,120000,'00:00:00.000000',NULL,1,2,2,'Xe đi ngang qua cầu Rạch Miễu'),(195,'2023-12-16','07:00:00',33,120000,'00:00:00.000000',NULL,1,2,2,'Xe đi ngang qua cầu Rạch Miễu'),(196,'2023-12-16','13:00:00',33,120000,'00:00:00.000000',NULL,2,NULL,NULL,'Xe đi ngang qua cầu Rạch Miễu'),(197,'2023-12-16','11:00:00',33,120000,'00:00:00.000000',NULL,1,3,NULL,'Xe đi ngang qua cầu Rạch Miễu'),(198,'2023-12-17','13:00:00',33,120000,'00:00:00.000000',NULL,2,NULL,NULL,'Xe đi ngang qua cầu Rạch Miễu'),(199,'2023-12-17','07:00:00',32,120000,'00:00:00.000000',NULL,1,2,NULL,'Xe đi ngang qua cầu Rạch Miễu'),(200,'2023-12-17','11:00:00',33,120000,'00:00:00.000000',NULL,1,3,2,'Xe đi ngang qua cầu Rạch Miễu'),(201,'2023-12-18','14:00:00',33,120000,'00:00:00.000000',NULL,2,1,NULL,''),(202,'2023-12-18','18:00:00',33,120000,'00:00:00.000000',NULL,2,NULL,NULL,''),(203,'2023-12-18','07:00:00',26,120000,'00:00:00.000000',NULL,1,3,2,''),(204,'2023-12-18','10:00:00',30,120000,'00:00:00.000000',NULL,1,2,1,''),(205,'2023-12-19','07:00:00',32,120000,'00:00:00.000000',NULL,1,1,2,'Xe có lộ trình đi ngang cầu Rạch Miễu'),(206,'2023-12-19','11:00:00',28,120000,'00:00:00.000000',NULL,1,3,1,'Xe có lộ trình đi ngang cầu Rạch Miễu'),(207,'2023-12-20','07:00:00',5,120000,'00:00:00.000000',NULL,1,3,1,'Xe có lộ trình đi ngang cầu Rạch Miễu'),(208,'2023-12-20','11:00:00',32,120000,'00:00:00.000000',NULL,1,1,2,'Xe có lộ trình đi ngang cầu Rạch Miễu'),(209,'2023-12-21','07:00:00',33,120000,'00:00:00.000000',NULL,1,2,2,'Xe có lộ trình đi ngang cầu Rạch Miễu'),(210,'2023-12-21','11:00:00',33,120000,'00:00:00.000000',NULL,1,3,1,'Xe có lộ trình đi ngang cầu Rạch Miễu'),(211,'2023-12-22','07:00:00',33,120000,'00:00:00.000000',NULL,1,NULL,NULL,'Xe có lộ trình đi ngang cầu Rạch Miễu'),(212,'2023-12-22','11:00:00',33,120000,'00:00:00.000000',NULL,1,2,2,'Xe có lộ trình đi ngang cầu Rạch Miễu'),(213,'2023-12-23','07:00:00',26,120000,'00:00:00.000000',NULL,1,2,2,'Xe có lộ trình đi ngang cầu Rạch Miễu'),(214,'2023-12-23','11:00:00',22,120000,'00:00:00.000000',NULL,1,1,1,'Xe có lộ trình đi ngang cầu Rạch Miễu'),(215,'2023-12-24','07:00:00',33,120000,'00:00:00.000000',NULL,1,1,1,'Xe có lộ trình đi ngang cầu Rạch Miễu'),(216,'2023-12-24','11:00:00',33,120000,'00:00:00.000000',NULL,1,3,2,'Xe có lộ trình đi ngang cầu Rạch Miễu'),(217,'2023-12-19','13:00:00',33,120000,'00:00:00.000000',NULL,2,NULL,NULL,'Xe có lộ trình đi ngang cầu Rạch Miễu'),(218,'2023-12-20','13:00:00',33,120000,'00:00:00.000000',NULL,2,NULL,NULL,'Xe có lộ trình đi ngang cầu Rạch Miễu'),(219,'2023-12-21','13:00:00',33,120000,'00:00:00.000000',NULL,2,NULL,NULL,'Xe có lộ trình đi ngang cầu Rạch Miễu'),(220,'2023-12-22','13:00:00',33,120000,'00:00:00.000000',NULL,2,NULL,NULL,'Xe có lộ trình đi ngang cầu Rạch Miễu'),(221,'2023-12-23','13:00:00',19,120000,'00:00:00.000000',NULL,2,3,2,'Xe có lộ trình đi ngang cầu Rạch Miễu'),(222,'2023-12-24','13:00:00',33,120000,'00:00:00.000000',NULL,2,NULL,NULL,'Xe có lộ trình đi ngang cầu Rạch Miễu'),(223,'2023-12-25','07:00:00',41,120000,'00:00:00.000000',NULL,1,3,1,'Xe có lộ trình đi cao tốc'),(224,'2023-12-25','15:00:00',43,120000,'00:00:00.000000',NULL,2,9,1,'Xe có lộ trình đi cao tốc'),(225,'2023-12-25','10:00:00',28,120000,'00:00:00.000000',NULL,1,2,2,'Xe có lộ trình đi cao tốc'),(226,'2023-12-25','17:00:00',43,120000,'00:00:00.000000',NULL,2,1,2,'Xe có lộ trình đi cao tốc'),(227,'2023-12-26','07:00:00',35,120000,'00:00:00.000000',NULL,1,9,1,'Xe có lộ trình đi cao tốc'),(228,'2023-12-26','15:00:00',43,120000,'00:00:00.000000',NULL,2,9,1,'Xe có lộ trình đi cao tốc'),(229,'2023-12-26','17:00:00',43,120000,'00:00:00.000000',NULL,2,1,2,'Xe có lộ trình đi cao tốc'),(230,'2023-12-26','10:00:00',40,120000,'00:00:00.000000',NULL,1,2,2,'Xe có lộ trình đi cao tốc'),(231,'2023-12-27','07:00:00',10,120000,'00:00:00.000000',NULL,1,3,1,'Xe có lộ trình đi cao tốc'),(232,'2023-12-27','10:00:00',31,120000,'00:00:00.000000',NULL,1,3,2,'Xe có lộ trình đi cao tốc'),(233,'2023-12-28','07:00:00',43,120000,'00:00:00.000000',NULL,1,2,1,'Xe có lộ trình đi cao tốc'),(234,'2023-12-27','15:00:00',43,120000,'00:00:00.000000',NULL,2,9,1,'Xe có lộ trình đi cao tốc'),(235,'2023-12-27','17:00:00',43,120000,'00:00:00.000000',NULL,2,2,2,'Xe có lộ trình đi cao tốc'),(236,'2023-12-28','10:00:00',43,120000,'00:00:00.000000',NULL,1,3,2,'Xe có lộ trình đi cao tốc'),(237,'2023-12-28','15:00:00',43,120000,'00:00:00.000000',NULL,2,1,1,'Xe có lộ trình đi cao tốc'),(238,'2023-12-29','07:00:00',43,120000,'00:00:00.000000',NULL,1,NULL,NULL,'Xe có lộ trình đi cao tốc'),(239,'2023-12-28','17:00:00',43,120000,'00:00:00.000000',NULL,2,9,2,'Xe có lộ trình đi cao tốc'),(240,'2023-12-29','10:00:00',43,120000,'00:00:00.000000',NULL,1,NULL,NULL,'Xe có lộ trình đi cao tốc'),(241,'2023-12-29','15:00:00',43,120000,'00:00:00.000000',NULL,2,NULL,NULL,'Xe có lộ trình đi cao tốc'),(242,'2023-12-30','07:00:00',43,120000,'00:00:00.000000',NULL,1,NULL,NULL,'Xe có lộ trình đi cao tốc'),(243,'2023-12-29','17:00:00',43,120000,'00:00:00.000000',NULL,2,NULL,NULL,'Xe có lộ trình đi cao tốc'),(244,'2023-12-30','10:00:00',43,120000,'00:00:00.000000',NULL,1,NULL,NULL,'Xe có lộ trình đi cao tốc'),(245,'2023-12-30','15:00:00',43,120000,'00:00:00.000000',NULL,2,NULL,NULL,'Xe có lộ trình đi cao tốc'),(246,'2023-12-30','17:00:00',43,120000,'00:00:00.000000',NULL,2,NULL,NULL,'Xe có lộ trình đi cao tốc'),(247,'2023-12-22','07:00:00',43,150000,'00:00:00.000000',NULL,3,NULL,3,'Xe có lộ trình đi ngang cầu Mỹ Thuận mới xây'),(248,'2023-12-22','10:00:00',43,150000,'00:00:00.000000',NULL,4,4,3,'Xe có lộ trình đi ngang cầu Mỹ Thuận mới xây'),(249,'2023-12-22','16:00:00',43,150000,'00:00:00.000000',NULL,4,4,4,'Xe có lộ trình đi ngang cầu Mỹ Thuận mới xây'),(250,'2023-12-22','08:00:00',43,150000,'00:00:00.000000',NULL,3,5,NULL,'Xe có lộ trình đi ngang cầu Mỹ Thuận mới xây'),(251,'2023-12-23','10:00:00',43,150000,'00:00:00.000000',NULL,4,4,4,'Xe có lộ trình đi ngang cầu Mỹ Thuận mới xây'),(252,'2023-12-23','16:00:00',43,150000,'00:00:00.000000',NULL,4,5,3,'Xe có lộ trình đi ngang cầu Mỹ Thuận mới xây'),(253,'2023-12-24','10:00:00',43,150000,'00:00:00.000000',NULL,4,4,3,'Xe có lộ trình đi ngang cầu Mỹ Thuận mới xây'),(254,'2023-12-22','13:00:00',43,150000,'00:00:00.000000',NULL,3,4,4,'Xe có lộ trình đi ngang cầu Mỹ Thuận mới xây'),(255,'2023-12-24','16:00:00',43,150000,'00:00:00.000000',NULL,4,5,3,'Xe có lộ trình đi ngang cầu Mỹ Thuận mới xây'),(256,'2023-12-23','07:00:00',43,150000,'00:00:00.000000',NULL,3,4,4,'Xe có lộ trình đi ngang cầu Mỹ Thuận mới xây'),(257,'2023-12-23','08:00:00',43,150000,'00:00:00.000000',NULL,3,5,3,'Xe có lộ trình đi ngang cầu Mỹ Thuận mới xây'),(258,'2023-12-25','10:00:00',43,150000,'00:00:00.000000',NULL,4,4,3,'Xe có lộ trình đi ngang cầu Mỹ Thuận mới xây'),(259,'2023-12-23','13:00:00',43,150000,'00:00:00.000000',NULL,3,4,4,'Xe có lộ trình đi ngang cầu Mỹ Thuận mới xây'),(260,'2023-12-24','07:00:00',43,150000,'00:00:00.000000',NULL,3,4,3,'Xe có lộ trình đi ngang cầu Mỹ Thuận mới xây'),(261,'2023-12-24','08:00:00',43,150000,'00:00:00.000000',NULL,3,5,4,'Xe có lộ trình đi ngang cầu Mỹ Thuận mới xây'),(262,'2023-12-24','13:00:00',19,150000,'00:00:00.000000',NULL,3,4,3,'Xe có lộ trình đi ngang cầu Mỹ Thuận mới xây'),(263,'2023-12-25','07:00:00',43,150000,'00:00:00.000000',NULL,3,4,3,'Xe có lộ trình đi ngang cầu Mỹ Thuận mới xây'),(264,'2023-12-25','08:00:00',43,150000,'00:00:00.000000',NULL,3,5,4,'Xe có lộ trình đi ngang cầu Mỹ Thuận mới xây'),(265,'2023-12-25','13:00:00',43,150000,'00:00:00.000000',NULL,3,4,3,'Xe có lộ trình đi ngang cầu Mỹ Thuận mới xây'),(266,'2023-12-26','07:00:00',9,150000,'00:00:00.000000',NULL,3,4,4,'Xe có lộ trình đi ngang cầu Mỹ Thuận mới xây'),(267,'2023-12-25','16:00:00',43,150000,'00:00:00.000000',NULL,4,5,3,'Xe có lộ trình đi ngang cầu Mỹ Thuận mới xây'),(268,'2023-12-26','08:00:00',18,150000,'00:00:00.000000',NULL,3,5,3,'Xe có lộ trình đi ngang cầu Mỹ Thuận mới xây'),(269,'2023-12-26','10:00:00',43,150000,'00:00:00.000000',NULL,4,4,4,'Xe có lộ trình đi ngang cầu Mỹ Thuận mới xây'),(270,'2023-12-26','13:00:00',43,150000,'00:00:00.000000',NULL,3,4,4,'Xe có lộ trình đi ngang cầu Mỹ Thuận mới xây'),(271,'2023-12-27','07:00:00',43,150000,'00:00:00.000000',NULL,3,5,4,'Xe có lộ trình đi ngang cầu Mỹ Thuận mới xây'),(272,'2023-12-26','16:00:00',43,150000,'00:00:00.000000',NULL,4,5,4,'Xe có lộ trình đi ngang cầu Mỹ Thuận mới xây'),(273,'2023-12-27','08:00:00',43,150000,'00:00:00.000000',NULL,3,4,3,'Xe có lộ trình đi ngang cầu Mỹ Thuận mới xây'),(274,'2023-12-27','10:00:00',43,150000,'00:00:00.000000',NULL,4,5,4,'Xe có lộ trình đi ngang cầu Mỹ Thuận mới xây'),(275,'2023-12-27','13:00:00',43,150000,'00:00:00.000000',NULL,3,5,4,'Xe có lộ trình đi ngang cầu Mỹ Thuận mới xây'),(276,'2023-12-27','16:00:00',43,150000,'00:00:00.000000',NULL,4,4,4,'Xe có lộ trình đi ngang cầu Mỹ Thuận mới xây'),(277,'2023-12-28','10:00:00',43,150000,'00:00:00.000000',NULL,4,5,3,'Xe có lộ trình đi ngang cầu Mỹ Thuận mới xây'),(278,'2023-12-28','07:00:00',43,150000,'00:00:00.000000',NULL,3,5,3,'Xe có lộ trình đi ngang cầu Mỹ Thuận mới xây'),(279,'2023-12-28','08:00:00',43,150000,'00:00:00.000000',NULL,3,4,4,'Xe có lộ trình đi ngang cầu Mỹ Thuận mới xây'),(280,'2023-12-28','16:00:00',43,150000,'00:00:00.000000',NULL,4,4,3,'Xe có lộ trình đi ngang cầu Mỹ Thuận mới xây'),(281,'2023-12-28','13:00:00',43,150000,'00:00:00.000000',NULL,3,5,3,'Xe có lộ trình đi ngang cầu Mỹ Thuận mới xây'),(282,'2023-12-29','10:00:00',43,150000,'00:00:00.000000',NULL,4,4,4,'Xe có lộ trình đi ngang cầu Mỹ Thuận mới xây'),(283,'2023-12-29','07:00:00',43,150000,'00:00:00.000000',NULL,3,4,4,'Xe có lộ trình đi ngang cầu Mỹ Thuận mới xây'),(284,'2023-12-29','16:00:00',43,150000,'00:00:00.000000',NULL,4,5,4,'Xe có lộ trình đi ngang cầu Mỹ Thuận mới xây'),(285,'2023-12-29','08:00:00',43,150000,'00:00:00.000000',NULL,3,5,3,'Xe có lộ trình đi ngang cầu Mỹ Thuận mới xây'),(286,'2023-12-30','10:00:00',43,150000,'00:00:00.000000',NULL,4,NULL,NULL,'Xe có lộ trình đi ngang cầu Mỹ Thuận mới xây'),(287,'2023-12-29','13:00:00',43,150000,'00:00:00.000000',NULL,3,4,4,'Xe có lộ trình đi ngang cầu Mỹ Thuận mới xây'),(288,'2023-12-30','16:00:00',43,150000,'00:00:00.000000',NULL,4,NULL,NULL,'Xe có lộ trình đi ngang cầu Mỹ Thuận mới xây'),(289,'2023-12-31','10:00:00',43,150000,'00:00:00.000000',NULL,4,NULL,NULL,'Xe có lộ trình đi ngang cầu Mỹ Thuận mới xây'),(290,'2023-12-31','16:00:00',43,150000,'00:00:00.000000',NULL,4,NULL,NULL,'Xe có lộ trình đi ngang cầu Mỹ Thuận mới xây'),(291,'2023-12-30','07:00:00',43,150000,'00:00:00.000000',NULL,3,NULL,NULL,'Xe có lộ trình đi ngang cầu Mỹ Thuận mới xây'),(292,'2023-12-30','08:00:00',43,150000,'00:00:00.000000',NULL,3,NULL,NULL,'Xe có lộ trình đi ngang cầu Mỹ Thuận mới xây'),(293,'2023-12-30','13:00:00',43,150000,'00:00:00.000000',NULL,3,NULL,NULL,'Xe có lộ trình đi ngang cầu Mỹ Thuận mới xây'),(294,'2023-12-31','07:00:00',43,150000,'00:00:00.000000',NULL,3,NULL,NULL,'Xe có lộ trình đi ngang cầu Mỹ Thuận mới xây'),(295,'2023-12-31','08:00:00',43,150000,'00:00:00.000000',NULL,3,NULL,NULL,'Xe có lộ trình đi ngang cầu Mỹ Thuận mới xây'),(296,'2023-12-31','13:00:00',43,150000,'00:00:00.000000',NULL,3,NULL,NULL,'Xe có lộ trình đi ngang cầu Mỹ Thuận mới xây'),(297,'2023-12-24','21:00:00',31,310000,'00:00:00.000000',NULL,8,21,15,''),(298,'2023-12-24','20:00:00',33,310000,'00:00:00.000000',NULL,7,20,5,''),(299,'2023-12-25','22:00:00',33,310000,'00:00:00.000000',NULL,8,20,15,'Xe có lộ trình đi cao tốc'),(300,'2023-12-26','22:00:00',28,310000,'00:00:00.000000',NULL,8,21,15,'Xe có lộ trình đi cao tốc'),(301,'2023-12-27','22:00:00',33,310000,'00:00:00.000000',NULL,8,22,5,'Xe có lộ trình đi cao tốc'),(302,'2023-12-28','22:00:00',33,310000,'00:00:00.000000',NULL,8,20,10,'Xe có lộ trình đi cao tốc'),(303,'2023-12-29','22:00:00',33,310000,'00:00:00.000000',NULL,8,21,5,'Xe có lộ trình đi cao tốc'),(304,'2023-12-25','21:00:00',33,310000,'00:00:00.000000',NULL,7,21,5,'Xe có lộ trình đi cao tốc'),(305,'2023-12-30','22:00:00',33,310000,'00:00:00.000000',NULL,8,22,9,'Xe có lộ trình đi cao tốc'),(306,'2023-12-26','21:00:00',33,310000,'00:00:00.000000',NULL,7,22,9,'Xe có lộ trình đi cao tốc'),(307,'2023-12-27','21:00:00',33,310000,'00:00:00.000000',NULL,7,20,15,'Xe có lộ trình đi cao tốc'),(308,'2023-12-28','21:00:00',33,310000,'00:00:00.000000',NULL,7,21,5,'Xe có lộ trình đi cao tốc'),(309,'2023-12-29','21:00:00',33,310000,'00:00:00.000000',NULL,7,22,10,'Xe có lộ trình đi cao tốc'),(310,'2023-12-31','22:00:00',33,310000,'00:00:00.000000',NULL,8,20,9,'Xe có lộ trình đi cao tốc'),(311,'2023-12-30','21:00:00',33,310000,'00:00:00.000000',NULL,7,20,5,'Xe có lộ trình đi cao tốc'),(312,'2023-12-31','21:00:00',33,310000,'00:00:00.000000',NULL,7,21,10,'Xe có lộ trình đi cao tốc'),(313,'2024-01-01','14:00:00',43,120000,'00:00:00.000000',NULL,2,1,1,''),(314,'2024-01-01','15:00:00',43,120000,'00:00:00.000000',NULL,2,2,2,''),(315,'2024-01-02','14:00:00',43,120000,'00:00:00.000000',NULL,2,9,1,''),(316,'2024-01-02','15:00:00',43,120000,'00:00:00.000000',NULL,2,2,2,''),(317,'2024-01-03','14:00:00',43,120000,'00:00:00.000000',NULL,2,9,2,''),(318,'2024-01-03','15:00:00',43,120000,'00:00:00.000000',NULL,2,2,1,''),(319,'2024-01-04','14:00:00',43,120000,'00:00:00.000000',NULL,2,1,2,''),(320,'2024-01-04','15:00:00',43,120000,'00:00:00.000000',NULL,2,9,1,''),(321,'2024-01-05','14:00:00',43,120000,'00:00:00.000000',NULL,2,9,2,''),(322,'2024-01-05','15:00:00',43,120000,'00:00:00.000000',NULL,2,3,1,''),(323,'2024-01-06','14:00:00',43,120000,'00:00:00.000000',NULL,2,3,1,''),(324,'2024-01-06','15:00:00',43,120000,'00:00:00.000000',NULL,2,1,2,''),(325,'2024-01-07','14:00:00',43,120000,'00:00:00.000000',NULL,2,1,2,''),(326,'2024-01-07','15:00:00',43,120000,'00:00:00.000000',NULL,2,2,1,''),(327,'2024-01-01','07:00:00',43,120000,'00:00:00.000000',NULL,1,3,1,''),(328,'2024-01-01','08:00:00',43,120000,'00:00:00.000000',NULL,1,9,2,''),(329,'2024-01-01','20:00:00',39,120000,'00:00:00.000000',NULL,1,1,1,''),(330,'2024-01-01','23:00:00',43,120000,'00:00:00.000000',NULL,1,2,2,''),(331,'2024-01-02','07:00:00',10,120000,'00:00:00.000000',NULL,1,1,1,''),(332,'2024-01-02','08:00:00',5,120000,'00:00:00.000000',NULL,1,3,2,''),(333,'2024-01-02','20:00:00',43,120000,'00:00:00.000000',NULL,1,9,1,''),(334,'2024-01-02','23:00:00',43,120000,'00:00:00.000000',NULL,1,2,2,''),(335,'2024-01-03','07:00:00',43,120000,'00:00:00.000000',NULL,1,1,2,''),(336,'2024-01-03','08:00:00',41,120000,'00:00:00.000000',NULL,1,3,1,''),(337,'2024-01-03','20:00:00',43,120000,'00:00:00.000000',NULL,1,NULL,2,''),(338,'2024-01-03','23:00:00',43,120000,'00:00:00.000000',NULL,1,9,1,''),(339,'2024-01-04','07:00:00',24,120000,'00:00:00.000000',NULL,1,2,2,''),(340,'2024-01-04','08:00:00',43,120000,'00:00:00.000000',NULL,1,3,1,''),(341,'2024-01-04','20:00:00',43,120000,'00:00:00.000000',NULL,1,1,2,''),(342,'2024-01-04','23:00:00',43,120000,'00:00:00.000000',NULL,1,9,1,''),(343,'2024-01-05','07:00:00',43,120000,'00:00:00.000000',NULL,1,2,2,''),(344,'2024-01-05','08:00:00',43,120000,'00:00:00.000000',NULL,1,1,1,''),(345,'2024-01-05','20:00:00',43,120000,'00:00:00.000000',NULL,1,3,2,''),(346,'2024-01-05','23:00:00',43,120000,'00:00:00.000000',NULL,1,9,1,''),(347,'2024-01-06','07:00:00',43,120000,'00:00:00.000000',NULL,1,9,1,''),(348,'2024-01-06','08:00:00',43,120000,'00:00:00.000000',NULL,1,2,2,''),(349,'2024-01-06','20:00:00',43,120000,'00:00:00.000000',NULL,1,3,1,''),(350,'2024-01-06','23:00:00',43,120000,'00:00:00.000000',NULL,1,1,2,''),(351,'2024-01-07','07:00:00',43,120000,'00:00:00.000000',NULL,1,NULL,2,''),(352,'2024-01-07','08:00:00',43,120000,'00:00:00.000000',NULL,1,NULL,1,''),(353,'2024-01-07','20:00:00',43,120000,'00:00:00.000000',NULL,1,2,2,''),(354,'2024-01-07','23:00:00',43,120000,'00:00:00.000000',NULL,1,1,1,''),(355,'2023-12-25','23:01:00',43,120000,'00:00:00.000000',NULL,1,9,1,''),(356,'2023-12-24','09:00:00',33,310000,'00:00:00.000000',NULL,10,NULL,NULL,'Xe có lộ trình đi cao tốc'),(357,'2023-12-24','07:00:00',33,310000,'00:00:00.000000',NULL,10,NULL,NULL,'Xe có lộ trình đi cao tốc'),(358,'2023-12-25','09:00:00',33,310000,'00:00:00.000000',NULL,10,NULL,NULL,'Xe có lộ trình đi cao tốc'),(359,'2023-12-25','07:00:00',33,310000,'00:00:00.000000',NULL,10,NULL,NULL,'Xe có lộ trình đi cao tốc'),(360,'2023-12-26','09:00:00',33,310000,'00:00:00.000000',NULL,10,NULL,NULL,'Xe có lộ trình đi cao tốc'),(361,'2023-12-26','07:00:00',33,310000,'00:00:00.000000',NULL,10,NULL,NULL,'Xe có lộ trình đi cao tốc'),(362,'2023-12-27','09:00:00',33,310000,'00:00:00.000000',NULL,10,NULL,NULL,'Xe có lộ trình đi cao tốc'),(363,'2023-12-27','07:00:00',33,310000,'00:00:00.000000',NULL,10,NULL,NULL,'Xe có lộ trình đi cao tốc'),(364,'2023-12-28','09:00:00',33,310000,'00:00:00.000000',NULL,10,NULL,NULL,'Xe có lộ trình đi cao tốc'),(365,'2023-12-28','07:00:00',33,310000,'00:00:00.000000',NULL,10,NULL,NULL,'Xe có lộ trình đi cao tốc'),(366,'2023-12-29','09:00:00',33,310000,'00:00:00.000000',NULL,10,NULL,NULL,'Xe có lộ trình đi cao tốc'),(367,'2023-12-29','07:00:00',33,310000,'00:00:00.000000',NULL,10,NULL,NULL,'Xe có lộ trình đi cao tốc'),(368,'2023-12-30','09:00:00',33,310000,'00:00:00.000000',NULL,10,NULL,NULL,'Xe có lộ trình đi cao tốc'),(369,'2023-12-30','07:00:00',33,310000,'00:00:00.000000',NULL,10,NULL,NULL,'Xe có lộ trình đi cao tốc'),(370,'2023-12-24','20:00:00',33,310000,'00:00:00.000000',NULL,9,NULL,NULL,'Xe có lộ trình đi cao tốc'),(371,'2023-12-24','22:00:00',33,310000,'00:00:00.000000',NULL,9,NULL,NULL,'Xe có lộ trình đi cao tốc'),(372,'2023-12-25','20:00:00',33,310000,'00:00:00.000000',NULL,9,NULL,NULL,'Xe có lộ trình đi cao tốc'),(373,'2023-12-25','22:00:00',33,310000,'00:00:00.000000',NULL,9,NULL,NULL,'Xe có lộ trình đi cao tốc'),(374,'2023-12-26','20:00:00',31,310000,'00:00:00.000000',NULL,9,NULL,NULL,'Xe có lộ trình đi cao tốc'),(375,'2023-12-26','22:00:00',33,310000,'00:00:00.000000',NULL,9,NULL,NULL,'Xe có lộ trình đi cao tốc'),(376,'2023-12-27','20:00:00',33,310000,'00:00:00.000000',NULL,9,NULL,NULL,'Xe có lộ trình đi cao tốc'),(377,'2023-12-27','22:00:00',33,310000,'00:00:00.000000',NULL,9,NULL,NULL,'Xe có lộ trình đi cao tốc'),(378,'2023-12-28','20:00:00',33,310000,'00:00:00.000000',NULL,9,NULL,NULL,'Xe có lộ trình đi cao tốc'),(379,'2023-12-28','22:00:00',33,310000,'00:00:00.000000',NULL,9,NULL,NULL,'Xe có lộ trình đi cao tốc'),(380,'2023-12-29','20:00:00',33,310000,'00:00:00.000000',NULL,9,NULL,NULL,'Xe có lộ trình đi cao tốc'),(381,'2023-12-29','22:00:00',33,310000,'00:00:00.000000',NULL,9,NULL,NULL,'Xe có lộ trình đi cao tốc'),(382,'2023-12-30','20:00:00',33,310000,'00:00:00.000000',NULL,9,NULL,NULL,'Xe có lộ trình đi cao tốc'),(383,'2023-12-30','22:00:00',33,310000,'00:00:00.000000',NULL,9,NULL,NULL,'Xe có lộ trình đi cao tốc'),(384,'2024-01-08','07:00:00',43,120000,'00:00:00.000000',NULL,1,9,2,'Xe có lộ trình đi cao tốc'),(385,'2024-01-08','08:00:00',43,120000,'00:00:00.000000',NULL,1,3,1,'Xe có lộ trình đi cao tốc'),(386,'2024-01-08','15:00:00',43,120000,'00:00:00.000000',NULL,1,NULL,NULL,'Xe có lộ trình đi cao tốc'),(387,'2024-01-09','07:00:00',43,120000,'00:00:00.000000',NULL,1,NULL,NULL,'Xe có lộ trình đi cao tốc'),(388,'2024-01-09','08:00:00',43,120000,'00:00:00.000000',NULL,1,NULL,NULL,'Xe có lộ trình đi cao tốc'),(389,'2024-01-09','15:00:00',43,120000,'00:00:00.000000',NULL,1,NULL,NULL,'Xe có lộ trình đi cao tốc'),(390,'2024-01-10','07:00:00',43,120000,'00:00:00.000000',NULL,1,NULL,NULL,'Xe có lộ trình đi cao tốc'),(391,'2024-01-10','08:00:00',43,120000,'00:00:00.000000',NULL,1,NULL,NULL,'Xe có lộ trình đi cao tốc'),(392,'2024-01-08','16:00:00',43,120000,'00:00:00.000000',NULL,2,1,2,'Xe có lộ trình đi cao tốc'),(393,'2024-01-10','15:00:00',43,120000,'00:00:00.000000',NULL,1,NULL,NULL,'Xe có lộ trình đi cao tốc'),(394,'2024-01-08','23:00:00',43,120000,'00:00:00.000000',NULL,2,9,1,'Xe có lộ trình đi cao tốc'),(395,'2024-01-11','07:00:00',15,120000,'00:00:00.000000',NULL,1,NULL,NULL,'Xe có lộ trình đi cao tốc'),(396,'2024-01-09','16:00:00',43,120000,'00:00:00.000000',NULL,2,NULL,NULL,'Xe có lộ trình đi cao tốc'),(397,'2024-01-11','08:00:00',42,120000,'00:00:00.000000',NULL,1,NULL,NULL,'Xe có lộ trình đi cao tốc'),(398,'2024-01-11','15:00:00',35,120000,'00:00:00.000000',NULL,1,NULL,NULL,'Xe có lộ trình đi cao tốc'),(399,'2024-01-09','23:00:00',43,120000,'00:00:00.000000',NULL,2,NULL,NULL,'Xe có lộ trình đi cao tốc'),(400,'2024-01-12','07:00:00',39,120000,'00:00:00.000000',NULL,1,NULL,NULL,'Xe có lộ trình đi cao tốc'),(401,'2024-01-10','16:00:00',43,120000,'00:00:00.000000',NULL,2,NULL,NULL,'Xe có lộ trình đi cao tốc'),(402,'2024-01-12','08:00:00',38,120000,'00:00:00.000000',NULL,1,NULL,NULL,'Xe có lộ trình đi cao tốc'),(403,'2024-01-10','23:00:00',43,120000,'00:00:00.000000',NULL,2,NULL,NULL,'Xe có lộ trình đi cao tốc'),(404,'2024-01-12','15:00:00',41,120000,'00:00:00.000000',NULL,1,NULL,NULL,'Xe có lộ trình đi cao tốc'),(405,'2024-01-11','16:00:00',43,120000,'00:00:00.000000',NULL,2,NULL,NULL,'Xe có lộ trình đi cao tốc'),(406,'2024-01-13','07:00:00',14,120000,'00:00:00.000000',NULL,1,NULL,NULL,'Xe có lộ trình đi cao tốc'),(407,'2024-01-13','08:00:00',38,120000,'00:00:00.000000',NULL,1,NULL,NULL,'Xe có lộ trình đi cao tốc'),(408,'2024-01-11','23:00:00',43,120000,'00:00:00.000000',NULL,2,NULL,NULL,'Xe có lộ trình đi cao tốc'),(409,'2024-01-13','15:00:00',43,120000,'00:00:00.000000',NULL,1,NULL,NULL,'Xe có lộ trình đi cao tốc'),(410,'2024-01-12','16:00:00',43,120000,'00:00:00.000000',NULL,2,NULL,NULL,'Xe có lộ trình đi cao tốc'),(411,'2024-01-14','07:00:00',32,120000,'00:00:00.000000',NULL,1,1,1,'Xe có lộ trình đi cao tốc'),(412,'2024-01-12','23:00:00',43,120000,'00:00:00.000000',NULL,2,NULL,NULL,'Xe có lộ trình đi cao tốc'),(413,'2024-01-14','08:00:00',38,120000,'00:00:00.000000',NULL,1,3,2,'Xe có lộ trình đi cao tốc'),(414,'2024-01-13','16:00:00',43,120000,'00:00:00.000000',NULL,2,NULL,NULL,'Xe có lộ trình đi cao tốc'),(415,'2024-01-14','15:00:00',39,120000,'00:00:00.000000',NULL,1,9,NULL,'Xe có lộ trình đi cao tốc'),(416,'2024-01-13','23:00:00',43,120000,'00:00:00.000000',NULL,2,NULL,NULL,'Xe có lộ trình đi cao tốc'),(417,'2024-01-14','16:00:00',42,120000,'00:00:00.000000',NULL,2,2,1,'Xe có lộ trình đi cao tốc'),(418,'2024-01-14','23:00:00',43,120000,'00:00:00.000000',NULL,2,1,2,'Xe có lộ trình đi cao tốc'),(419,'2024-01-03','07:00:00',33,30030,'00:00:00.000000',NULL,7,NULL,NULL,''),(420,'2024-01-04','07:00:00',33,30030,'00:00:00.000000',NULL,7,NULL,NULL,''),(421,'2024-01-05','07:00:00',33,30030,'00:00:00.000000',NULL,7,NULL,NULL,''),(422,'2024-01-06','07:00:00',33,30030,'00:00:00.000000',NULL,7,NULL,NULL,''),(423,'2024-01-07','07:00:00',33,30030,'00:00:00.000000',NULL,7,NULL,NULL,''),(424,'2024-01-03','07:00:00',33,30030,'00:00:00.000000',NULL,8,NULL,NULL,''),(425,'2024-01-04','07:00:00',33,30030,'00:00:00.000000',NULL,8,NULL,NULL,''),(426,'2024-01-05','07:00:00',33,30030,'00:00:00.000000',NULL,8,NULL,NULL,''),(427,'2024-01-06','07:00:00',33,30030,'00:00:00.000000',NULL,8,NULL,NULL,''),(428,'2024-01-07','07:00:00',33,30030,'00:00:00.000000',NULL,8,NULL,NULL,''),(429,'2024-01-15','08:00:00',43,120000,'00:00:00.000000',NULL,2,2,1,''),(430,'2024-01-15','21:00:00',43,120000,'00:00:00.000000',NULL,2,3,2,''),(431,'2024-01-16','08:00:00',43,120000,'00:00:00.000000',NULL,2,9,2,''),(432,'2024-01-16','21:00:00',43,120000,'00:00:00.000000',NULL,2,3,1,''),(433,'2024-01-17','08:00:00',43,120000,'00:00:00.000000',NULL,2,2,2,''),(434,'2024-01-17','21:00:00',43,120000,'00:00:00.000000',NULL,2,1,1,''),(435,'2024-01-18','08:00:00',43,120000,'00:00:00.000000',NULL,2,NULL,NULL,''),(436,'2024-01-18','21:00:00',43,120000,'00:00:00.000000',NULL,2,NULL,NULL,''),(437,'2024-01-19','08:00:00',43,120000,'00:00:00.000000',NULL,2,NULL,NULL,''),(438,'2024-01-19','21:00:00',43,120000,'00:00:00.000000',NULL,2,NULL,NULL,''),(439,'2024-01-20','08:00:00',43,120000,'00:00:00.000000',NULL,2,NULL,NULL,''),(440,'2024-01-20','21:00:00',43,120000,'00:00:00.000000',NULL,2,NULL,NULL,''),(441,'2024-01-21','08:00:00',43,120000,'00:00:00.000000',NULL,2,NULL,NULL,''),(442,'2024-01-21','21:00:00',43,120000,'00:00:00.000000',NULL,2,NULL,NULL,''),(443,'2024-01-15','07:00:00',27,120000,'00:00:00.000000',NULL,1,3,2,''),(444,'2024-01-15','15:00:00',37,120000,'00:00:00.000000',NULL,1,9,1,''),(445,'2024-01-16','07:00:00',24,120000,'00:00:00.000000',NULL,1,3,1,''),(446,'2024-01-16','15:00:00',38,120000,'00:00:00.000000',NULL,1,2,2,''),(447,'2024-01-17','07:00:00',43,120000,'00:00:00.000000',NULL,1,1,1,''),(448,'2024-01-17','15:00:00',39,120000,'00:00:00.000000',NULL,1,3,2,''),(449,'2024-01-18','07:00:00',37,120000,'00:00:00.000000',NULL,1,NULL,NULL,''),(450,'2024-01-18','15:00:00',36,120000,'00:00:00.000000',NULL,1,NULL,NULL,''),(451,'2024-01-19','07:00:00',39,120000,'00:00:00.000000',NULL,1,NULL,NULL,''),(452,'2024-01-19','15:00:00',41,120000,'00:00:00.000000',NULL,1,NULL,NULL,''),(453,'2024-01-20','07:00:00',32,120000,'00:00:00.000000',NULL,1,NULL,NULL,''),(454,'2024-01-20','15:00:00',42,120000,'00:00:00.000000',NULL,1,NULL,NULL,''),(455,'2024-01-21','07:00:00',39,120000,'00:00:00.000000',NULL,1,NULL,NULL,''),(456,'2024-01-21','15:00:00',42,120000,'00:00:00.000000',NULL,1,NULL,NULL,''),(457,'2024-01-17','07:00:00',33,30030,'00:00:00.000000',NULL,8,NULL,NULL,'Xe không đi cao tốc'),(458,'2024-01-18','07:00:00',33,30030,'00:00:00.000000',NULL,8,NULL,NULL,'Xe không đi cao tốc'),(459,'2024-01-19','07:00:00',33,30030,'00:00:00.000000',NULL,8,NULL,NULL,'Xe không đi cao tốc'),(460,'2024-01-20','07:00:00',33,30030,'00:00:00.000000',NULL,8,NULL,NULL,'Xe không đi cao tốc'),(461,'2024-01-21','07:00:00',33,30030,'00:00:00.000000',NULL,8,NULL,NULL,'Xe không đi cao tốc'),(462,'2024-01-17','07:00:00',33,30030,'00:00:00.000000',NULL,7,NULL,NULL,'Xe không đi cao tốc'),(463,'2024-01-22','07:00:00',33,30030,'00:00:00.000000',NULL,8,NULL,NULL,'Xe không đi cao tốc'),(464,'2024-01-18','07:00:00',33,30030,'00:00:00.000000',NULL,7,NULL,NULL,'Xe không đi cao tốc'),(465,'2024-01-19','07:00:00',33,30030,'00:00:00.000000',NULL,7,NULL,NULL,'Xe không đi cao tốc'),(466,'2024-01-23','07:00:00',33,30030,'00:00:00.000000',NULL,8,NULL,NULL,'Xe không đi cao tốc'),(467,'2024-01-20','07:00:00',33,30030,'00:00:00.000000',NULL,7,NULL,NULL,'Xe không đi cao tốc'),(468,'2024-01-24','07:00:00',33,30030,'00:00:00.000000',NULL,8,NULL,NULL,'Xe không đi cao tốc'),(469,'2024-01-25','07:00:00',33,30030,'00:00:00.000000',NULL,8,NULL,NULL,'Xe không đi cao tốc'),(470,'2024-01-21','07:00:00',33,30030,'00:00:00.000000',NULL,7,NULL,NULL,'Xe không đi cao tốc'),(471,'2024-01-22','07:00:00',33,30030,'00:00:00.000000',NULL,7,NULL,NULL,'Xe không đi cao tốc'),(472,'2024-01-26','07:00:00',33,30030,'00:00:00.000000',NULL,8,NULL,NULL,'Xe không đi cao tốc'),(473,'2024-01-23','07:00:00',33,30030,'00:00:00.000000',NULL,7,NULL,NULL,'Xe không đi cao tốc'),(474,'2024-01-24','07:00:00',33,30030,'00:00:00.000000',NULL,7,NULL,NULL,'Xe không đi cao tốc'),(475,'2024-01-25','07:00:00',33,30030,'00:00:00.000000',NULL,7,NULL,NULL,'Xe không đi cao tốc'),(476,'2024-01-26','07:00:00',33,30030,'00:00:00.000000',NULL,7,NULL,NULL,'Xe không đi cao tốc'),(477,'2024-01-17','07:00:00',43,270000,'00:00:00.000000',NULL,6,18,12,'Xe đi cao tốc'),(478,'2024-01-18','07:00:00',43,270000,'00:00:00.000000',NULL,6,19,12,'Xe đi cao tốc'),(479,'2024-01-19','07:00:00',43,270000,'00:00:00.000000',NULL,6,18,13,'Xe đi cao tốc'),(480,'2024-01-20','07:00:00',43,270000,'00:00:00.000000',NULL,6,19,14,'Xe đi cao tốc'),(481,'2024-01-21','07:00:00',43,270000,'00:00:00.000000',NULL,6,NULL,NULL,'Xe đi cao tốc'),(482,'2024-01-22','07:00:00',43,270000,'00:00:00.000000',NULL,6,NULL,NULL,'Xe đi cao tốc'),(483,'2024-01-23','07:00:00',43,270000,'00:00:00.000000',NULL,6,NULL,NULL,'Xe đi cao tốc'),(484,'2024-01-24','07:00:00',43,270000,'00:00:00.000000',NULL,6,NULL,NULL,'Xe đi cao tốc'),(485,'2024-01-25','07:00:00',43,270000,'00:00:00.000000',NULL,6,NULL,NULL,'Xe đi cao tốc'),(486,'2024-01-26','07:00:00',43,270000,'00:00:00.000000',NULL,6,NULL,NULL,'Xe đi cao tốc'),(487,'2024-01-27','07:00:00',43,270000,'00:00:00.000000',NULL,6,NULL,NULL,'Xe đi cao tốc'),(488,'2024-01-17','07:00:00',43,270000,'00:00:00.000000',NULL,5,19,13,'Xe đi cao tốc'),(489,'2024-01-18','07:00:00',43,270000,'00:00:00.000000',NULL,5,18,13,'Xe đi cao tốc'),(490,'2024-01-19','07:00:00',43,270000,'00:00:00.000000',NULL,5,19,14,'Xe đi cao tốc'),(491,'2024-01-20','07:00:00',43,270000,'00:00:00.000000',NULL,5,18,12,'Xe đi cao tốc'),(492,'2024-01-21','07:00:00',43,270000,'00:00:00.000000',NULL,5,NULL,NULL,'Xe đi cao tốc'),(493,'2024-01-22','07:00:00',43,270000,'00:00:00.000000',NULL,5,NULL,NULL,'Xe đi cao tốc'),(494,'2024-01-23','07:00:00',43,270000,'00:00:00.000000',NULL,5,NULL,NULL,'Xe đi cao tốc'),(495,'2024-01-24','07:00:00',43,270000,'00:00:00.000000',NULL,5,NULL,NULL,'Xe đi cao tốc'),(496,'2024-01-25','07:00:00',43,270000,'00:00:00.000000',NULL,5,NULL,NULL,'Xe đi cao tốc'),(497,'2024-01-26','07:00:00',43,270000,'00:00:00.000000',NULL,5,NULL,NULL,'Xe đi cao tốc'),(498,'2024-01-27','07:00:00',43,270000,'00:00:00.000000',NULL,5,NULL,NULL,'Xe đi cao tốc'),(499,'2024-01-27','07:00:00',33,30030,'00:00:00.000000',NULL,8,NULL,NULL,'Xe không đi cao tốc'),(500,'2024-01-28','07:00:00',33,30030,'00:00:00.000000',NULL,8,NULL,NULL,'Xe không đi cao tốc'),(501,'2024-01-29','07:00:00',33,30030,'00:00:00.000000',NULL,8,NULL,NULL,'Xe không đi cao tốc'),(502,'2024-01-27','07:00:00',33,30030,'00:00:00.000000',NULL,7,NULL,NULL,'Xe không đi cao tốc'),(503,'2024-01-28','07:00:00',33,30030,'00:00:00.000000',NULL,7,NULL,NULL,'Xe không đi cao tốc'),(504,'2024-01-29','07:00:00',33,30030,'00:00:00.000000',NULL,7,NULL,NULL,'Xe không đi cao tốc'),(505,'2024-01-22','07:00:00',37,120000,'00:00:00.000000',NULL,1,NULL,NULL,''),(506,'2024-01-22','09:00:00',43,120000,'00:00:00.000000',NULL,1,NULL,NULL,''),(507,'2024-01-22','07:00:00',43,120000,'00:00:00.000000',NULL,2,NULL,NULL,''),(508,'2024-01-23','07:00:00',43,120000,'00:00:00.000000',NULL,2,NULL,NULL,''),(509,'2024-01-23','20:00:00',43,120000,'00:00:00.000000',NULL,2,NULL,NULL,''),(510,'2024-01-23','07:00:00',41,120000,'00:00:00.000000',NULL,1,NULL,NULL,''),(511,'2024-01-23','15:00:00',41,120000,'00:00:00.000000',NULL,1,NULL,NULL,''),(512,'2024-01-23','18:00:00',43,120000,'00:00:00.000000',NULL,1,NULL,NULL,''),(513,'2024-01-24','18:00:00',43,120000,'00:00:00.000000',NULL,1,NULL,NULL,''),(514,'2024-01-25','18:00:00',37,120000,'00:00:00.000000',NULL,1,NULL,NULL,''),(515,'2024-01-26','18:00:00',41,120000,'00:00:00.000000',NULL,1,NULL,NULL,''),(516,'2024-01-27','18:00:00',39,120000,'00:00:00.000000',NULL,1,NULL,NULL,''),(517,'2024-01-28','18:00:00',32,120000,'00:00:00.000000',NULL,1,NULL,NULL,''),(518,'2024-01-29','18:00:00',43,120000,'00:00:00.000000',NULL,1,NULL,NULL,''),(519,'2024-01-30','18:00:00',43,120000,'00:00:00.000000',NULL,1,NULL,NULL,''),(520,'2024-01-31','18:00:00',41,120000,'00:00:00.000000',NULL,1,NULL,NULL,''),(521,'2024-01-24','07:00:00',38,120000,'00:00:00.000000',NULL,1,NULL,NULL,''),(522,'2024-01-24','15:00:00',43,120000,'00:00:00.000000',NULL,1,NULL,NULL,''),(523,'2024-01-25','07:00:00',43,120000,'00:00:00.000000',NULL,1,NULL,NULL,''),(524,'2024-01-25','15:00:00',43,120000,'00:00:00.000000',NULL,1,NULL,NULL,''),(525,'2024-01-26','07:00:00',43,120000,'00:00:00.000000',NULL,1,NULL,NULL,''),(526,'2024-01-26','15:00:00',43,120000,'00:00:00.000000',NULL,1,NULL,NULL,''),(527,'2024-01-27','07:00:00',41,120000,'00:00:00.000000',NULL,1,NULL,NULL,''),(528,'2024-01-27','15:00:00',43,120000,'00:00:00.000000',NULL,1,NULL,NULL,''),(529,'2024-01-28','07:00:00',43,120000,'00:00:00.000000',NULL,1,NULL,NULL,''),(530,'2024-01-28','15:00:00',43,120000,'00:00:00.000000',NULL,1,NULL,NULL,''),(531,'2024-01-29','07:00:00',43,120000,'00:00:00.000000',NULL,1,NULL,NULL,''),(532,'2024-01-29','15:00:00',43,120000,'00:00:00.000000',NULL,1,NULL,NULL,''),(533,'2024-01-30','07:00:00',43,120000,'00:00:00.000000',NULL,1,NULL,NULL,''),(534,'2024-01-30','15:00:00',43,120000,'00:00:00.000000',NULL,1,NULL,NULL,''),(535,'2024-01-31','07:00:00',42,120000,'00:00:00.000000',NULL,1,NULL,NULL,''),(536,'2024-01-31','15:00:00',43,120000,'00:00:00.000000',NULL,1,NULL,NULL,''),(537,'2024-01-24','07:00:00',43,120000,'00:00:00.000000',NULL,2,NULL,NULL,''),(538,'2024-01-24','18:00:00',43,120000,'00:00:00.000000',NULL,2,NULL,NULL,''),(539,'2024-01-24','23:00:00',43,120000,'00:00:00.000000',NULL,2,NULL,NULL,''),(540,'2024-01-25','07:00:00',43,120000,'00:00:00.000000',NULL,2,NULL,NULL,''),(541,'2024-01-25','18:00:00',43,120000,'00:00:00.000000',NULL,2,NULL,NULL,''),(542,'2024-01-25','23:00:00',43,120000,'00:00:00.000000',NULL,2,NULL,NULL,''),(543,'2024-01-26','07:00:00',43,120000,'00:00:00.000000',NULL,2,NULL,NULL,''),(544,'2024-01-26','18:00:00',43,120000,'00:00:00.000000',NULL,2,NULL,NULL,''),(545,'2024-01-26','23:00:00',43,120000,'00:00:00.000000',NULL,2,NULL,NULL,''),(546,'2024-01-27','07:00:00',43,120000,'00:00:00.000000',NULL,2,NULL,NULL,''),(547,'2024-01-27','18:00:00',43,120000,'00:00:00.000000',NULL,2,NULL,NULL,''),(548,'2024-01-27','23:00:00',43,120000,'00:00:00.000000',NULL,2,NULL,NULL,''),(549,'2024-01-28','07:00:00',43,120000,'00:00:00.000000',NULL,2,NULL,NULL,''),(550,'2024-01-28','18:00:00',43,120000,'00:00:00.000000',NULL,2,NULL,NULL,''),(551,'2024-01-28','23:00:00',43,120000,'00:00:00.000000',NULL,2,NULL,NULL,''),(552,'2024-01-29','07:00:00',43,120000,'00:00:00.000000',NULL,2,NULL,NULL,''),(553,'2024-01-29','18:00:00',43,120000,'00:00:00.000000',NULL,2,NULL,NULL,''),(554,'2024-01-29','23:00:00',43,120000,'00:00:00.000000',NULL,2,NULL,NULL,''),(555,'2024-01-30','07:00:00',43,120000,'00:00:00.000000',NULL,2,NULL,NULL,''),(556,'2024-01-30','18:00:00',43,120000,'00:00:00.000000',NULL,2,NULL,NULL,''),(557,'2024-01-30','23:00:00',43,120000,'00:00:00.000000',NULL,2,NULL,NULL,''),(558,'2024-01-31','07:00:00',42,120000,'00:00:00.000000',NULL,2,NULL,NULL,''),(559,'2024-01-31','18:00:00',43,120000,'00:00:00.000000',NULL,2,NULL,NULL,''),(560,'2024-01-31','23:00:00',43,120000,'00:00:00.000000',NULL,2,NULL,NULL,''),(561,'2024-03-02','07:00:00',33,30030,'00:00:00.000000',NULL,7,NULL,NULL,'Xe không đi cao tốc'),(562,'2024-03-03','07:00:00',33,30030,'00:00:00.000000',NULL,7,NULL,NULL,'Xe không đi cao tốc'),(563,'2024-03-04','07:00:00',33,30030,'00:00:00.000000',NULL,7,NULL,NULL,'Xe không đi cao tốc'),(564,'2024-03-02','07:00:00',33,30030,'00:00:00.000000',NULL,8,NULL,NULL,'Xe không đi cao tốc'),(565,'2024-03-03','07:00:00',33,30030,'00:00:00.000000',NULL,8,NULL,NULL,'Xe không đi cao tốc'),(566,'2024-03-04','07:00:00',33,30030,'00:00:00.000000',NULL,8,NULL,NULL,'Xe không đi cao tốc'),(567,'2024-03-07','07:00:00',33,30030,'00:00:00.000000',NULL,7,NULL,NULL,'Xe không đi cao tốc'),(568,'2024-03-08','07:00:00',33,30030,'00:00:00.000000',NULL,7,NULL,NULL,'Xe không đi cao tốc'),(569,'2024-03-09','07:00:00',33,30030,'00:00:00.000000',NULL,7,NULL,NULL,'Xe không đi cao tốc'),(570,'2024-03-07','07:00:00',33,30030,'00:00:00.000000',NULL,8,NULL,NULL,'Xe không đi cao tốc'),(571,'2024-03-08','07:00:00',33,30030,'00:00:00.000000',NULL,8,NULL,NULL,'Xe không đi cao tốc'),(572,'2024-03-09','07:00:00',33,30030,'00:00:00.000000',NULL,8,NULL,NULL,'Xe không đi cao tốc'),(573,'2024-02-01','07:00:00',43,120000,'00:00:00.000000',NULL,2,NULL,NULL,''),(574,'2024-02-01','17:00:00',43,120000,'00:00:00.000000',NULL,2,NULL,NULL,''),(575,'2024-02-02','07:00:00',43,120000,'00:00:00.000000',NULL,2,1,2,''),(576,'2024-02-02','17:00:00',43,120000,'00:00:00.000000',NULL,2,NULL,1,''),(577,'2024-02-01','07:00:00',43,120000,'00:00:00.000000',NULL,1,NULL,NULL,''),(578,'2024-02-01','11:00:00',43,120000,'00:00:00.000000',NULL,1,NULL,NULL,''),(579,'2024-02-01','15:00:00',43,120000,'00:00:00.000000',NULL,1,NULL,NULL,''),(580,'2024-02-01','19:00:00',43,120000,'00:00:00.000000',NULL,1,NULL,NULL,''),(581,'2024-02-02','07:00:00',29,120000,'00:00:00.000000',NULL,1,2,1,''),(582,'2024-02-02','11:00:00',43,120000,'00:00:00.000000',NULL,1,3,NULL,''),(583,'2024-02-02','15:00:00',43,120000,'00:00:00.000000',NULL,1,9,2,''),(584,'2024-02-02','19:00:00',43,120000,'00:00:00.000000',NULL,1,NULL,NULL,''),(585,'2024-02-03','09:00:00',38,120000,'00:00:00.000000',NULL,2,2,2,''),(586,'2024-02-03','07:00:00',43,120000,'00:00:00.000000',NULL,1,1,1,''),(587,'2024-02-03','11:00:00',43,120000,'00:00:00.000000',NULL,1,NULL,NULL,''),(588,'2024-02-03','15:00:00',43,120000,'00:00:00.000000',NULL,2,9,1,'');
/*!40000 ALTER TABLE `schedule` ENABLE KEYS */;
UNLOCK TABLES;

--
-- Table structure for table `seat`
--

DROP TABLE IF EXISTS `seat`;
/*!40101 SET @saved_cs_client     = @@character_set_client */;
/*!50503 SET character_set_client = utf8mb4 */;
CREATE TABLE `seat` (
  `id` int NOT NULL AUTO_INCREMENT,
  `row_id` int NOT NULL,
  `col_id` int NOT NULL,
  `floor_id` int NOT NULL,
  `seatmap_id` int DEFAULT NULL,
  `name` varchar(45) NOT NULL,
  PRIMARY KEY (`id`),
  KEY `FK51m8rpr29qxwxlk99drkafcsf` (`seatmap_id`),
  CONSTRAINT `FK51m8rpr29qxwxlk99drkafcsf` FOREIGN KEY (`seatmap_id`) REFERENCES `seat_map` (`id`)
) ENGINE=InnoDB AUTO_INCREMENT=105 DEFAULT CHARSET=utf8mb4 COLLATE=utf8mb4_0900_ai_ci;
/*!40101 SET character_set_client = @saved_cs_client */;

--
-- Dumping data for table `seat`
--

LOCK TABLES `seat` WRITE;
/*!40000 ALTER TABLE `seat` DISABLE KEYS */;
INSERT INTO `seat` VALUES (1,0,0,1,1,'04'),(2,0,1,1,1,'03'),(3,0,2,1,1,'02'),(4,0,3,1,1,'01'),(5,1,0,1,1,'08'),(6,1,1,1,1,'07'),(7,1,2,1,1,'06'),(8,1,3,1,1,'05'),(9,2,0,1,1,'12'),(10,2,1,1,1,'11'),(11,2,2,1,1,'10'),(12,2,3,1,1,'09'),(13,3,0,1,1,'16'),(14,3,1,1,1,'15'),(15,3,2,1,1,'14'),(16,3,3,1,1,'13'),(17,4,0,1,1,'20'),(18,4,1,1,1,'19'),(19,4,2,1,1,'18'),(20,4,3,1,1,'17'),(21,5,0,1,1,'24'),(22,5,1,1,1,'23'),(23,5,2,1,1,'22'),(24,5,3,1,1,'21'),(25,6,0,1,1,'28'),(26,6,1,1,1,'27'),(27,6,2,1,1,'26'),(28,6,3,1,1,'25'),(29,0,0,1,2,'A01'),(30,0,2,1,2,'A02'),(31,0,4,1,2,'A03'),(32,1,0,1,2,'A04'),(33,1,2,1,2,'A05'),(34,1,4,1,2,'A06'),(35,2,0,1,2,'A07'),(36,2,2,1,2,'A08'),(37,2,4,1,2,'A09'),(38,3,0,1,2,'A10'),(39,3,2,1,2,'A11'),(40,3,4,1,2,'A12'),(41,4,0,1,2,'A13'),(42,4,2,1,2,'A14'),(43,4,4,1,2,'A15'),(44,5,0,1,2,'A16'),(45,5,4,1,2,'A17'),(46,6,0,1,2,'A18'),(47,6,1,1,2,'A19'),(48,6,2,1,2,'A20'),(49,6,3,1,2,'A21'),(50,6,4,1,2,'A22'),(51,0,0,2,2,'B01'),(52,0,2,2,2,'B02'),(53,0,4,2,2,'B03'),(54,1,0,2,2,'B04'),(55,1,2,2,2,'B05'),(56,1,4,2,2,'B06'),(57,2,0,2,2,'B07'),(58,2,2,2,2,'B08'),(59,2,4,2,2,'B09'),(60,3,0,2,2,'B10'),(61,3,2,2,2,'B11'),(62,3,4,2,2,'B12'),(63,4,0,2,2,'B13'),(64,4,2,2,2,'B14'),(65,4,4,2,2,'B15'),(66,5,4,2,2,'B17'),(67,6,0,2,2,'B18'),(68,6,1,2,2,'B19'),(69,6,2,2,2,'B20'),(70,6,3,2,2,'B21'),(71,6,4,2,2,'B22'),(72,0,0,1,3,'A01'),(73,0,2,1,3,'A02'),(74,1,0,1,3,'A03'),(75,1,1,1,3,'A04'),(76,1,2,1,3,'A05'),(77,2,0,1,3,'A06'),(78,2,1,1,3,'A07'),(79,2,2,1,3,'A08'),(80,3,0,1,3,'A09'),(81,3,1,1,3,'A10'),(82,3,2,1,3,'A11'),(83,4,0,1,3,'A12'),(84,4,1,1,3,'A13'),(85,4,2,1,3,'A14'),(86,5,0,1,3,'A15'),(87,5,1,1,3,'A16'),(88,5,2,1,3,'A17'),(89,0,2,2,3,'B02'),(90,1,0,2,3,'B03'),(91,1,1,2,3,'B04'),(92,1,2,2,3,'B05'),(93,2,0,2,3,'B06'),(94,2,1,2,3,'B07'),(95,2,2,2,3,'B08'),(96,3,0,2,3,'B09'),(97,3,1,2,3,'B10'),(98,3,2,2,3,'B11'),(99,4,0,2,3,'B12'),(100,4,1,2,3,'B13'),(101,4,2,2,3,'B14'),(102,5,0,2,3,'B15'),(103,5,1,2,3,'B16'),(104,5,2,2,3,'B17');
/*!40000 ALTER TABLE `seat` ENABLE KEYS */;
UNLOCK TABLES;

--
-- Table structure for table `seat_map`
--

DROP TABLE IF EXISTS `seat_map`;
/*!40101 SET @saved_cs_client     = @@character_set_client */;
/*!50503 SET character_set_client = utf8mb4 */;
CREATE TABLE `seat_map` (
  `id` int NOT NULL AUTO_INCREMENT,
  `row_no` int NOT NULL,
  `col_no` int NOT NULL,
  `floor_no` int NOT NULL,
  PRIMARY KEY (`id`)
) ENGINE=InnoDB AUTO_INCREMENT=4 DEFAULT CHARSET=utf8mb4 COLLATE=utf8mb4_0900_ai_ci;
/*!40101 SET character_set_client = @saved_cs_client */;

--
-- Dumping data for table `seat_map`
--

LOCK TABLES `seat_map` WRITE;
/*!40000 ALTER TABLE `seat_map` DISABLE KEYS */;
INSERT INTO `seat_map` VALUES (1,7,4,1),(2,7,5,2),(3,6,3,2);
/*!40000 ALTER TABLE `seat_map` ENABLE KEYS */;
UNLOCK TABLES;

--
-- Table structure for table `special_day`
--

DROP TABLE IF EXISTS `special_day`;
/*!40101 SET @saved_cs_client     = @@character_set_client */;
/*!50503 SET character_set_client = utf8mb4 */;
CREATE TABLE `special_day` (
  `id` int NOT NULL AUTO_INCREMENT,
  `date` date NOT NULL,
  `fee` int NOT NULL,
  PRIMARY KEY (`id`)
) ENGINE=InnoDB AUTO_INCREMENT=19 DEFAULT CHARSET=utf8mb4 COLLATE=utf8mb4_0900_ai_ci;
/*!40101 SET character_set_client = @saved_cs_client */;

--
-- Dumping data for table `special_day`
--

LOCK TABLES `special_day` WRITE;
/*!40000 ALTER TABLE `special_day` DISABLE KEYS */;
INSERT INTO `special_day` VALUES (1,'2023-09-02',140000),(2,'2023-04-30',160000),(3,'2023-05-01',170000),(4,'2024-02-05',100000),(5,'2024-02-06',100000),(6,'2024-02-07',100000),(7,'2024-02-08',100000),(8,'2024-02-09',100000),(9,'2024-02-10',50000),(10,'2024-02-11',50000),(11,'2024-02-12',50000),(12,'2024-02-13',50000),(13,'2024-02-14',50000),(14,'2024-02-15',100000),(15,'2024-02-16',100000),(17,'2024-01-01',100000),(18,'2024-02-04',150000);
/*!40000 ALTER TABLE `special_day` ENABLE KEYS */;
UNLOCK TABLES;

--
-- Table structure for table `staff`
--

DROP TABLE IF EXISTS `staff`;
/*!40101 SET @saved_cs_client     = @@character_set_client */;
/*!50503 SET character_set_client = utf8mb4 */;
CREATE TABLE `staff` (
  `begin_work_date` date DEFAULT NULL,
  `staff_id` int NOT NULL AUTO_INCREMENT,
  `user_id` int DEFAULT NULL,
  `id_card` varchar(15) DEFAULT NULL,
  `address` varchar(200) DEFAULT NULL,
  `img` varchar(255) DEFAULT NULL,
  `nickname` varchar(45) DEFAULT NULL,
  PRIMARY KEY (`staff_id`),
  UNIQUE KEY `UK_7qatq4kob2sr6rlp44khhj53g` (`user_id`),
  UNIQUE KEY `UK_n6hdm35gyfk1jrmelnqtgp7q1` (`id_card`),
  CONSTRAINT `FKbhogfndgswrqk696i1s2stk2g` FOREIGN KEY (`user_id`) REFERENCES `user` (`id`)
) ENGINE=InnoDB AUTO_INCREMENT=19 DEFAULT CHARSET=utf8mb4 COLLATE=utf8mb4_0900_ai_ci;
/*!40101 SET character_set_client = @saved_cs_client */;

--
-- Dumping data for table `staff`
--

LOCK TABLES `staff` WRITE;
/*!40000 ALTER TABLE `staff` DISABLE KEYS */;
INSERT INTO `staff` VALUES ('2023-10-12',1,1,'084303030656','Bình Nguyên Vô Tận','https://bookingupfile.s3.amazonaws.com/Image/1702101633157-hinh-anh-hoat-hinh-de-thuong-cute-dep-nhat.jpg','NV: Nguyễn Nguyên'),('2023-11-13',2,4,'030233330112','Quận 9, TP.Hồ Chí Minh','https://bookingupfile.s3.amazonaws.com/Image/1702102606827-a2.jpg','NV: Giản Tùy Anh Hùng Mỹ'),('2023-11-28',3,8,'042306362','Quận 10. Hồ Chí Minh','https://bookingupfile.s3.amazonaws.com/Image/1700527483380-anh-chipi-16.jpg','NV: Lê Minh Tiến Anh'),('2023-12-08',4,11,'084983333333','Quận 9, Thủ Đức','https://bookingupfile.s3.amazonaws.com/Image/1700527483380-anh-chipi-16.jpg','NV: Phạm Nhàn'),('2023-11-13',5,12,'092349548','Cam Thuận, Cam Ranh','https://bookingupfile.s3.amazonaws.com/Image/1700527483380-anh-chipi-16.jpg','NV: Lê Kim Ngân'),('2023-11-14',6,15,'845656989650','Hà Nội','https://bookingupfile.s3.amazonaws.com/Image/1700527483380-anh-chipi-16.jpg','NV: Lê Hải Minh'),('2023-12-09',7,22,'056893020112','Đình Phong Phú, Quận 9, Thành phố Hồ Chí Minh','https://bookingupfile.s3.amazonaws.com/Image/1700527483380-anh-chipi-16.jpg','NV: Nguyễn Văn Thọ'),('2023-12-17',8,42,'056897384032','Tổ dân phố Thuận Hải, Cam Thuận, Cam Ranh, Khánh Hòa','https://bookingupfile.s3.amazonaws.com/Image/1700527483380-anh-chipi-16.jpg','NV: Lê Văn Anh'),('2023-12-24',9,59,'051092284331','Tổ dân phố Thuận Hải, Cam Thuận, Cam Ranh, Khánh Hòa','https://bookingupfile.s3.amazonaws.com/Image/1700527483380-anh-chipi-16.jpg','NV: Nguyễn Nga'),('2023-07-07',10,65,'342353545423','Lộc Xuân, Bến Nghé','https://bookingupfile.s3.amazonaws.com/Image/1700527483380-anh-chipi-16.jpg','NV: Nguyễn Lê Kim'),('2024-01-12',11,66,'342353445423','Đình Phong Phú, Quận 9, Thành phố Hồ Chí Minh','https://bookingupfile.s3.amazonaws.com/Image/1700527483380-anh-chipi-16.jpg','NV: Nguyễn Văn Ánh'),('2024-01-09',12,67,'342223545423','215, Đường 138, Quận 9, Thành phố Hồ Chí Minh','https://bookingupfile.s3.amazonaws.com/Image/1700527483380-anh-chipi-16.jpg','NV: Nguyễn Văn Bảng'),('2022-01-13',13,69,'342353475423','Đình Phong Phú, Quận 9, Thành phố Hồ Chí Minh','https://bookingupfile.s3.amazonaws.com/Image/1700527483380-anh-chipi-16.jpg','NV: Nguyễn Văn Ánh'),('2020-01-13',14,70,'341223545423','215, Đường 138, Quận 9, Thành phố Hồ Chí Minh','https://bookingupfile.s3.amazonaws.com/Image/1700527483380-anh-chipi-16.jpg','NV: Nguyễn Văn Bảng'),('2023-10-20',15,74,'342353473323','Đình Phong Phú, Quận 9, Thành phố Hồ Chí Minh','https://bookingupfile.s3.amazonaws.com/Image/1700527483380-anh-chipi-16.jpg','NV: Nguyễn Văn Ánh La'),('2023-02-09',16,76,'341290545423','215, Đường 138, Quận 9, Thành phố Hồ Chí Minh','https://bookingupfile.s3.amazonaws.com/Image/1700527483380-anh-chipi-16.jpg','NV: Nguyễn Văn Bảng Ba'),('2023-10-20',17,77,'342353490323','Đình Phong Phú, Quận 9, Thành phố Hồ Chí Minh','https://bookingupfile.s3.amazonaws.com/Image/1700527483380-anh-chipi-16.jpg','NV: Nguyễn Văn Tòa'),('2023-02-09',18,78,'341290523423','215, Đường 138, Quận 9, Thành phố Hồ Chí Minh','https://bookingupfile.s3.amazonaws.com/Image/1700527483380-anh-chipi-16.jpg','NV: Nguyễn Văng Bag');
/*!40000 ALTER TABLE `staff` ENABLE KEYS */;
UNLOCK TABLES;

--
-- Table structure for table `station`
--

DROP TABLE IF EXISTS `station`;
/*!40101 SET @saved_cs_client     = @@character_set_client */;
/*!50503 SET character_set_client = utf8mb4 */;
CREATE TABLE `station` (
  `id` int NOT NULL AUTO_INCREMENT,
  `name` varchar(45) NOT NULL,
  `address` varchar(255) NOT NULL,
  `location_id` int DEFAULT NULL,
  `latitude` decimal(10,8) DEFAULT NULL,
  `longitude` decimal(11,8) DEFAULT NULL,
  `is_active` tinyint(1) DEFAULT NULL,
  PRIMARY KEY (`id`),
  KEY `FKqlnvqs4wbjtf02m0wghvreewo` (`location_id`),
  CONSTRAINT `FKqlnvqs4wbjtf02m0wghvreewo` FOREIGN KEY (`location_id`) REFERENCES `location` (`id`)
) ENGINE=InnoDB AUTO_INCREMENT=34 DEFAULT CHARSET=utf8mb4 COLLATE=utf8mb4_0900_ai_ci;
/*!40101 SET character_set_client = @saved_cs_client */;

--
-- Dumping data for table `station`
--

LOCK TABLES `station` WRITE;
/*!40000 ALTER TABLE `station` DISABLE KEYS */;
INSERT INTO `station` VALUES (1,'BX Miền Đông Mới','39448 Xa Lộ Hà Nội, Phường Long Bình, TP Thủ Đức, TPHCM',1,10.87828310,106.81348220,1),(2,'BX Miền Tây','395 Kinh Dương Vương , P.An Lạc , Q.Bình Tân , TP.HCM',1,10.74062340,106.61814740,1),(3,'VP Xa lộ Hà Nội','798 Võ Nguyên Giáp, Phường Hiệp Phú, TP Thủ Đức ( Quận 9 Cũ)',1,10.87152820,106.80697390,1),(4,'VP Suối Linh','D9 Vòng Xoay Tam Hiệp, TP. Biên Hòa, Đồng Nai',1,10.94000580,106.86816810,1),(5,'BX Trà Vinh','559 QL54, Phường 9, Trà Vinh',2,9.89080040,106.34449320,1),(6,'BX Bến Tre','QL60, Hữu Định, Tp. Bến Tre, Bến Tre',3,10.26673930,106.35909450,1),(7,'BX Cam Ranh','Số 1 Lê Duẩn, P. Cam Lộc, TP. Cam Ranh, T. Khánh Hòa',4,11.91708820,109.13897710,1),(8,'BX Phan Rang','Số 23 đường Thống Nhất - TP Phan Rang - Tỉnh Ninh Thuận',4,11.55251510,108.98733300,1),(9,'BX Phía Nam Nha Trang','KM6 đường 23/10 Thành Phố Nha Trang',5,12.25715710,109.14645810,1),(10,'BX Phía Nam Tuy Hòa','507 Nguyễn Văn Linh, phường Phú Lâm, TP.Tuy Hòa, Phú Yên',6,13.04046040,109.31157300,1),(11,'VP An Nhơn','02 Nguyễn Văn Linh, P.Bình Định, Tx.An Nhơn, Tỉnh Bình Định',7,13.88602110,109.10773890,1),(12,'BX Quảng Ngãi','Số 02 Trần Khánh Dư, phường Nghĩa Chánh, Thành phố Quảng Ngãi',8,15.10864170,108.81910870,1),(13,'BX Đà Nẵng','201 - 203 Tôn Đức Thắng, phường Hòa Minh, quận Liên Chiểu. , TP.Đà Nẵng',9,16.05696410,108.17212160,1),(14,'BX Đà Lạt','01 Tô Hiến Thành , P.3 , TP.Đà Lạt, Lâm Đồng',10,11.95180710,108.43222920,1),(15,'VP Vũng Tàu','192 Nam Kỳ Khởi Nghĩa, P.Thắng Tam, TP.Vũng Tàu',11,10.35069390,107.08662200,1),(16,'BX An Sương','QL22, Bà Điểm, Hóc Môn, Thành phố Hồ Chí Minh',1,10.84381660,106.61378550,1),(17,'abc','abc-ki',2,10.32000000,10.36330000,0),(18,'abcxyz','abcxyz-ki',2,10.32000000,10.36330000,0),(19,'xxx','Đồng Xoài',3,0.00000000,0.00000000,0),(20,'yyyy','Đồng Xoài bạt ngàn',3,0.00000000,0.00000000,0),(21,'yyyyyy','Cam Thuận',3,0.00000000,0.00000000,0),(22,'BX Phường','Phường 9, Thành phố Trà Vinh',2,9.90447970,106.34411230,0),(23,'Bến xe Nam Định','Tỉnh Nam Định',24,20.27918040,106.20514840,0),(24,'Vạn Ninh','Huyện Vạn Ninh, Khánh Hòa',22,12.72434390,109.26269920,1),(25,'Vạn Giã','Vạn Giã, Vạn Ninh',22,12.69205620,109.22219640,1),(26,'BX Vĩnh Long','Phường 8, Thành phố Vĩnh Long',15,10.23712000,105.95643560,1),(27,'BX Châu Đốc','Lê Lợi, Phường Châu Phú, TP Châu Đốc, Tỉnh An Giang',23,10.70702980,105.12694130,1),(28,'Bến xe Cao Bằng','Thành phố Cao Bằng, tỉnh Cao Bằng',27,22.66576120,106.25883070,1),(29,'Bãi đá Quãng Ninh','Hạ Long, Quảng Ninh',29,20.95283650,107.08000030,1),(30,'Cực Bắc Việt Nam','Lũng Cú, Đồng Văn',28,23.36111080,105.31843700,1),(31,'Trạm Hà Giang','Thành phố Hà Giang',28,22.82645920,104.98463420,1),(32,'Siêu thị Coopmart','Cam Ranh, Khánh Hòa',4,11.91666960,109.14861000,1),(33,'Tiệm cao lầu Hội An','Hội An, Quảng Nam',33,15.87981370,108.32739390,1);
/*!40000 ALTER TABLE `station` ENABLE KEYS */;
UNLOCK TABLES;

--
-- Table structure for table `stop_station`
--

DROP TABLE IF EXISTS `stop_station`;
/*!40101 SET @saved_cs_client     = @@character_set_client */;
/*!50503 SET character_set_client = utf8mb4 */;
CREATE TABLE `stop_station` (
  `id` int NOT NULL AUTO_INCREMENT,
  `trip_id` int DEFAULT NULL,
  `station_id` int DEFAULT NULL,
  `station_type` varchar(255) DEFAULT NULL,
  `arrival_time` float DEFAULT NULL,
  `is_active` tinyint(1) DEFAULT NULL,
  PRIMARY KEY (`id`),
  KEY `FKds4vmk7534582fgwcuxx7thsb` (`station_id`),
  KEY `FKfom1acwovya5ikkrkoj2foc06` (`trip_id`),
  CONSTRAINT `FKds4vmk7534582fgwcuxx7thsb` FOREIGN KEY (`station_id`) REFERENCES `station` (`id`),
  CONSTRAINT `FKfom1acwovya5ikkrkoj2foc06` FOREIGN KEY (`trip_id`) REFERENCES `trip` (`id`)
) ENGINE=InnoDB AUTO_INCREMENT=189 DEFAULT CHARSET=utf8mb4 COLLATE=utf8mb4_0900_ai_ci;
/*!40101 SET character_set_client = @saved_cs_client */;

--
-- Dumping data for table `stop_station`
--

LOCK TABLES `stop_station` WRITE;
/*!40000 ALTER TABLE `stop_station` DISABLE KEYS */;
INSERT INTO `stop_station` VALUES (1,1,2,'pick',0,1),(2,1,5,'drop',0,1),(3,1,6,'drop',0,1),(4,2,2,'drop',0,1),(5,2,5,'pick',0,1),(6,2,6,'pick',0,1),(7,3,2,'pick',0,1),(8,3,6,'drop',0,1),(9,4,2,'drop',0,1),(10,4,6,'pick',0,1),(11,5,1,'pick',0,1),(12,5,4,'pick',0,1),(13,5,7,'drop',0,1),(14,5,8,'drop',0,1),(15,6,1,'drop',0,1),(16,6,4,'drop',0,1),(17,6,7,'pick',0,1),(18,6,8,'pick',0,1),(19,7,1,'pick',0,1),(20,7,4,'pick',0,1),(21,7,7,'drop',0,1),(22,7,9,'drop',0,1),(23,8,1,'drop',0,1),(24,8,4,'drop',0,1),(25,8,7,'pick',0,1),(26,8,9,'pick',0,1),(27,9,2,'pick',0,1),(28,9,3,'pick',0,1),(29,9,4,'pick',0,1),(30,9,7,'drop',0,1),(31,9,9,'drop',0,1),(32,10,2,'drop',0,1),(33,10,3,'drop',0,1),(34,10,4,'drop',0,1),(35,10,7,'pick',0,1),(36,10,9,'pick',0,1),(37,11,16,'pick',0,1),(38,11,4,'pick',0,1),(39,11,7,'drop',0,1),(40,11,9,'drop',0,1),(41,12,16,'drop',0,1),(42,12,4,'drop',0,1),(43,12,7,'pick',0,1),(44,12,9,'pick',0,1),(45,13,1,'pick',0,1),(46,13,9,'drop',0,1),(47,13,10,'drop',0,1),(48,14,1,'drop',0,1),(49,14,9,'pick',0,1),(50,14,10,'pick',0,1),(51,15,2,'pick',0,1),(52,15,4,'pick',0,1),(53,15,9,'drop',0,1),(54,15,10,'drop',0,1),(55,16,2,'drop',0,1),(56,16,4,'drop',0,1),(57,16,9,'pick',0,1),(58,16,10,'pick',0,1),(59,17,1,'pick',0,1),(60,17,4,'pick',0,1),(61,17,10,'drop',0,1),(62,17,11,'drop',0,1),(63,18,1,'drop',0,1),(64,18,4,'drop',0,1),(65,18,10,'pick',0,1),(66,18,11,'pick',0,1),(67,19,2,'pick',0,1),(68,19,3,'pick',0,1),(69,19,11,'drop',0,1),(70,19,12,'drop',0,1),(71,20,2,'drop',0,1),(72,20,3,'drop',0,1),(73,20,11,'pick',0,1),(74,20,12,'pick',0,1),(75,21,1,'pick',0,1),(76,21,4,'pick',0,1),(77,21,13,'drop',0,1),(78,22,1,'drop',0,1),(79,22,4,'drop',0,1),(80,22,13,'pick',0,1),(81,23,2,'pick',0,1),(82,23,3,'pick',0,1),(83,23,13,'drop',0,1),(84,24,2,'drop',0,1),(85,24,3,'drop',0,1),(86,24,13,'pick',0,1),(87,25,16,'pick',0,1),(88,25,4,'pick',0,1),(89,25,13,'drop',0,1),(90,26,16,'drop',0,1),(91,26,4,'drop',0,1),(92,26,13,'pick',0,1),(93,27,2,'pick',0,1),(94,27,3,'pick',0,1),(95,27,14,'drop',0,1),(96,28,2,'drop',0,1),(97,28,3,'drop',0,1),(98,28,14,'pick',0,1),(99,29,1,'pick',0,1),(100,29,4,'pick',0,1),(101,29,15,'drop',0,1),(102,30,1,'drop',0,1),(103,30,4,'drop',0,1),(104,30,15,'pick',0,1),(105,31,13,'pick',0,1),(106,31,10,'drop',0,1),(107,31,9,'drop',0,1),(108,32,13,'drop',0,1),(109,32,10,'pick',0,1),(110,32,9,'pick',0,1),(111,33,13,'pick',0,1),(112,33,14,'drop',0,1),(113,34,13,'drop',0,1),(114,34,14,'pick',0,1),(115,35,4,'pick',0,1),(118,35,3,'pick',0,1),(119,35,17,'drop',0,0),(120,36,17,'pick',0,0),(121,35,7,'drop',0,1),(122,36,7,'pick',0,1),(123,7,8,'drop',0,1),(124,8,8,'pick',0,1),(125,39,7,'pick',0,1),(126,40,7,'drop',0,1),(127,39,13,'drop',0,1),(128,40,13,'pick',0,1),(129,33,12,'pick',0,1),(130,34,12,'drop',0,1),(131,41,13,'pick',0,1),(132,42,13,'drop',0,1),(133,41,15,'drop',0,1),(134,42,15,'pick',0,1),(135,43,26,'pick',0,1),(136,44,26,'drop',0,1),(137,43,27,'drop',0,1),(138,44,27,'pick',0,1),(139,45,1,'pick',0,1),(140,45,6,'drop',0,1),(141,46,1,'drop',0,1),(142,46,6,'pick',0,1),(143,47,1,'pick',0,1),(144,47,5,'drop',0,1),(145,48,5,'pick',0,1),(146,48,1,'drop',0,1),(147,47,3,'pick',0,1),(148,48,3,'drop',0,1),(149,47,6,'drop',0,1),(150,48,6,'pick',0,1),(151,49,27,'drop',0,1),(152,49,11,'pick',0,1),(153,50,11,'drop',0,1),(154,50,27,'pick',0,1),(155,51,2,'pick',0,1),(156,51,7,'drop',0,1),(157,52,7,'pick',0,1),(158,52,2,'drop',0,1),(159,51,3,'pick',0,1),(160,52,3,'drop',0,1),(161,51,4,'pick',0,1),(162,52,4,'drop',0,1),(163,51,8,'drop',0,1),(164,52,8,'pick',0,1),(165,53,7,'drop',0,1),(166,53,16,'pick',0,1),(167,54,7,'pick',0,1),(168,54,16,'drop',0,1),(169,53,4,'pick',0,1),(170,54,4,'drop',0,1),(171,53,8,'drop',0,1),(172,54,8,'pick',0,1),(173,55,16,'pick',0,1),(174,55,10,'drop',0,1),(175,56,16,'drop',0,1),(176,56,10,'pick',0,1),(177,55,4,'pick',0,1),(178,56,4,'drop',0,1),(179,55,8,'drop',0,1),(180,56,8,'pick',0,1),(181,57,11,'drop',0,1),(182,57,16,'pick',0,1),(183,58,16,'drop',0,1),(184,58,11,'pick',0,1),(185,57,4,'pick',0,1),(186,58,4,'drop',0,1),(187,57,8,'drop',0,1),(188,58,8,'pick',0,1);
/*!40000 ALTER TABLE `stop_station` ENABLE KEYS */;
UNLOCK TABLES;

--
-- Table structure for table `ticket`
--

DROP TABLE IF EXISTS `ticket`;
/*!40101 SET @saved_cs_client     = @@character_set_client */;
/*!50503 SET character_set_client = utf8mb4 */;
CREATE TABLE `ticket` (
  `bill_id` int DEFAULT NULL,
  `checked_in` bit(1) NOT NULL,
  `id` int NOT NULL AUTO_INCREMENT,
  `schedule_id` int DEFAULT NULL,
  `ticket_price` int DEFAULT NULL,
  `booking_code` varchar(7) DEFAULT NULL,
  `seat` varchar(45) NOT NULL,
  `state` varchar(255) NOT NULL,
  `cancel_request_id` int DEFAULT NULL,
  PRIMARY KEY (`id`),
  UNIQUE KEY `bill_id_UNIQUE` (`bill_id`),
  KEY `FKf9rrxu78kmw44u3xfarqpaa2r` (`bill_id`),
  KEY `FK8bai57e8m61hh8ri9movc2leo` (`booking_code`),
  KEY `FKdmmaqgvu0kjjlpsivmgnvurl5` (`schedule_id`),
  KEY `c_F_idx` (`cancel_request_id`),
  CONSTRAINT `c_F` FOREIGN KEY (`cancel_request_id`) REFERENCES `cancel_request` (`id`),
  CONSTRAINT `FK8bai57e8m61hh8ri9movc2leo` FOREIGN KEY (`booking_code`) REFERENCES `booking` (`code`) ON DELETE CASCADE ON UPDATE CASCADE,
  CONSTRAINT `FKdmmaqgvu0kjjlpsivmgnvurl5` FOREIGN KEY (`schedule_id`) REFERENCES `schedule` (`id`),
  CONSTRAINT `FKf9rrxu78kmw44u3xfarqpaa2r` FOREIGN KEY (`bill_id`) REFERENCES `bill` (`id`)
) ENGINE=InnoDB AUTO_INCREMENT=759 DEFAULT CHARSET=utf8mb4 COLLATE=utf8mb4_0900_ai_ci;
/*!40101 SET character_set_client = @saved_cs_client */;

--
-- Dumping data for table `ticket`
--

LOCK TABLES `ticket` WRITE;
/*!40000 ALTER TABLE `ticket` DISABLE KEYS */;
INSERT INTO `ticket` VALUES (4,_binary '\0',12,1,130000,'4UIJVR','A5','Đã thanh toán',NULL),(5,_binary '\0',13,1,130000,'4UIJVR','A6','Đã thanh toán',NULL),(6,_binary '\0',16,18,275000,'DH88ZI','B13','Đã hủy',NULL),(7,_binary '\0',17,18,275000,'DH88ZI','A15','Đã hủy',NULL),(8,_binary '\0',18,1,130000,'9KR4BQ','A09','Đã hủy',NULL),(NULL,_binary '\0',19,1,130000,'5PLW5T','A11','Chờ thanh toán',NULL),(9,_binary '',21,1,130000,'T3BU4V','A06','Đã thanh toán',NULL),(NULL,_binary '\0',22,40,450000,'JNIJRR','B15','Đã hủy',NULL),(NULL,_binary '\0',23,40,450000,'JNIJRR','B12','Đã hủy',NULL),(NULL,_binary '\0',24,40,450000,'JNIJRR','B09','Đã hủy',NULL),(NULL,_binary '\0',25,40,450000,'JNIJRR','B06','Đã hủy',NULL),(NULL,_binary '\0',26,40,450000,'JNIJRR','B03','Đã hủy',NULL),(10,_binary '\0',27,43,450000,'V0N2YR','A09','Đã thanh toán',NULL),(11,_binary '\0',28,40,450000,'V0N2YR','B05','Đã hủy',NULL),(12,_binary '\0',29,28,350000,'BMXENG','A22','Đã thanh toán',NULL),(13,_binary '\0',30,28,350000,'BMXENG','A21','Đã thanh toán',NULL),(14,_binary '\0',31,28,350000,'BMXENG','A20','Đã thanh toán',NULL),(15,_binary '\0',32,28,350000,'BMXENG','B19','Đã thanh toán',NULL),(16,_binary '\0',33,28,350000,'BMXENG','B18','Đã thanh toán',NULL),(NULL,_binary '\0',34,28,350000,'C5Y1QV','B02','Chờ thanh toán',NULL),(NULL,_binary '\0',35,28,350000,'C5Y1QV','B05','Chờ thanh toán',NULL),(NULL,_binary '\0',36,28,350000,'C5Y1QV','B08','Chờ thanh toán',NULL),(NULL,_binary '\0',37,28,350000,'C5Y1QV','B11','Chờ thanh toán',NULL),(NULL,_binary '\0',38,28,350000,'C5Y1QV','B14','Chờ thanh toán',NULL),(NULL,_binary '\0',39,28,350000,'HLJNR3','A03','Chờ thanh toán',NULL),(NULL,_binary '\0',40,29,350000,'9URA28','B22','Đã hủy',NULL),(NULL,_binary '\0',41,29,350000,'9URA28','B17','Đã hủy',NULL),(NULL,_binary '\0',42,29,350000,'9URA28','B15','Đã hủy',NULL),(NULL,_binary '\0',43,29,350000,'9URA28','B12','Đã hủy',NULL),(NULL,_binary '\0',44,29,350000,'9URA28','B09','Đã hủy',NULL),(NULL,_binary '\0',45,30,350000,'R8DPH3','A22','Đã hủy',NULL),(NULL,_binary '\0',46,30,350000,'R8DPH3','A21','Đã hủy',NULL),(NULL,_binary '\0',47,30,350000,'R8DPH3','A20','Đã hủy',NULL),(NULL,_binary '\0',48,30,350000,'R8DPH3','A19','Đã hủy',NULL),(NULL,_binary '\0',49,30,350000,'R8DPH3','A18','Đã hủy',NULL),(NULL,_binary '\0',50,30,350000,'D3DQWZ','B18','Đã hủy',NULL),(NULL,_binary '\0',51,30,350000,'D3DQWZ','B13','Đã hủy',NULL),(NULL,_binary '\0',52,30,350000,'D3DQWZ','B10','Đã hủy',NULL),(NULL,_binary '\0',53,30,350000,'D3DQWZ','B07','Đã hủy',NULL),(NULL,_binary '\0',54,30,350000,'D3DQWZ','B04','Đã hủy',NULL),(NULL,_binary '\0',55,32,350000,'1R3T3I','B22','Đã hủy',NULL),(NULL,_binary '\0',56,32,350000,'1R3T3I','B17','Đã hủy',NULL),(NULL,_binary '\0',57,32,350000,'1R3T3I','B15','Đã hủy',NULL),(NULL,_binary '\0',58,32,350000,'1R3T3I','B12','Đã hủy',NULL),(NULL,_binary '\0',59,32,350000,'1R3T3I','B09','Đã hủy',NULL),(NULL,_binary '\0',60,29,350000,'BU5HTG','B06','Chờ thanh toán',NULL),(NULL,_binary '\0',61,29,350000,'BU5HTG','B05','Chờ thanh toán',NULL),(NULL,_binary '\0',62,29,350000,'BU5HTG','B04','Chờ thanh toán',NULL),(NULL,_binary '\0',63,31,350000,'AZ52XH','A22','Chờ thanh toán',NULL),(NULL,_binary '\0',64,31,350000,'AZ52XH','A15','Chờ thanh toán',NULL),(NULL,_binary '\0',65,31,350000,'AZ52XH','A09','Chờ thanh toán',NULL),(NULL,_binary '\0',66,31,350000,'AZ52XH','A08','Chờ thanh toán',NULL),(NULL,_binary '\0',67,31,350000,'AZ52XH','A14','Chờ thanh toán',NULL),(NULL,_binary '\0',68,29,350000,'QYM8UN','B07','Đã hủy',NULL),(NULL,_binary '\0',69,29,350000,'QYM8UN','B10','Đã hủy',NULL),(NULL,_binary '\0',70,29,350000,'QYM8UN','B13','Đã hủy',NULL),(NULL,_binary '\0',71,89,300000,'TR6AO1','B10','Đã hủy',NULL),(NULL,_binary '\0',72,89,300000,'TR6AO1','B13','Đã hủy',NULL),(NULL,_binary '\0',73,89,300000,'TR6AO1','B07','Đã hủy',NULL),(NULL,_binary '\0',74,9,100000,'B968DV','B13','Chờ thanh toán',NULL),(NULL,_binary '\0',75,9,100000,'B968DV','B18','Chờ thanh toán',NULL),(NULL,_binary '\0',76,9,100000,'B968DV','B20','Chờ thanh toán',NULL),(NULL,_binary '\0',77,9,100000,'B968DV','B08','Chờ thanh toán',NULL),(NULL,_binary '\0',78,17,275000,'VEQJM6','A01','Đã hủy',NULL),(NULL,_binary '\0',79,17,275000,'VEQJM6','A02','Đã hủy',NULL),(NULL,_binary '\0',80,17,275000,'VEQJM6','A03','Đã hủy',NULL),(NULL,_binary '\0',81,20,275000,'BDQJDR','B15','Đã hủy',NULL),(NULL,_binary '\0',82,20,275000,'BDQJDR','B12','Đã hủy',NULL),(NULL,_binary '\0',83,20,275000,'BDQJDR','B17','Đã hủy',NULL),(NULL,_binary '\0',84,20,275000,'BDQJDR','B22','Đã hủy',NULL),(NULL,_binary '\0',85,18,275000,'ZSPKMK','A11','Đã thanh toán',1),(NULL,_binary '\0',86,18,275000,'ZSPKMK','A12','Đã thanh toán',1),(NULL,_binary '\0',87,17,275000,'ZSPKMK','A12','Chờ thanh toán',NULL),(25,_binary '\0',88,18,275000,'FERFLF','B09','Đã thanh toán',NULL),(26,_binary '\0',89,18,275000,'FERFLF','B15','Đã thanh toán',NULL),(NULL,_binary '\0',90,17,275000,'GS3SWK','B18','Đã hủy',NULL),(17,_binary '\0',91,20,275000,'07K64R','A8','Đã hủy',NULL),(18,_binary '\0',92,18,275000,'5DJRKI','A03','Đã thanh toán',NULL),(19,_binary '\0',93,97,350000,'85EM4Z','B17','Đã hủy',NULL),(20,_binary '\0',94,97,350000,'85EM4Z','B16','Đã hủy',3),(21,_binary '\0',95,97,350000,'85EM4Z','A02','Đã thanh toán',NULL),(NULL,_binary '\0',96,1,130000,'V9UCEK','A13','Đã hủy',NULL),(NULL,_binary '\0',97,1,130000,'V9UCEK','A14','Đã hủy',NULL),(22,_binary '\0',98,1,130000,'2XAI6G','A16','Đã hủy',2),(23,_binary '\0',99,1,130000,'2XAI6G','A19','Đã hủy',2),(NULL,_binary '\0',101,1,130000,'JMLHUP','A15','Đã hủy',NULL),(24,_binary '\0',102,1,130000,'A4MVN8','A17','Đã hủy',NULL),(NULL,_binary '\0',103,29,350000,'77WE8Y','B20','Đã hủy',NULL),(NULL,_binary '\0',104,29,350000,'WIYP1Q','B18','Đã hủy',NULL),(NULL,_binary '\0',105,32,350000,'B4DV4V','A04','Chờ thanh toán',NULL),(NULL,_binary '\0',106,32,350000,'IKB3DH','B04','Chờ thanh toán',NULL),(NULL,_binary '\0',107,32,350000,'IKB3DH','B02','Chờ thanh toán',NULL),(NULL,_binary '\0',108,41,450000,'361ZV5','B02','Chờ thanh toán',NULL),(NULL,_binary '\0',109,33,350000,'YSEA1O','B02','Chờ thanh toán',NULL),(NULL,_binary '\0',110,33,350000,'9ZYC5Y','B01','Chờ thanh toán',NULL),(NULL,_binary '\0',111,33,350000,'FTFNYF','A03','Chờ thanh toán',NULL),(NULL,_binary '\0',112,1,130000,'XGIXUG','B01','Chờ thanh toán',NULL),(NULL,_binary '\0',113,1,130000,'XGIXUG','B02','Chờ thanh toán',NULL),(NULL,_binary '\0',114,1,130000,'XGIXUG','B03','Chờ thanh toán',NULL),(NULL,_binary '\0',115,1,130000,'XGIXUG','B04','Chờ thanh toán',NULL),(NULL,_binary '\0',116,1,130000,'XGIXUG','B05','Chờ thanh toán',NULL),(NULL,_binary '\0',117,6,130000,'4F05D9','A01','Chờ thanh toán',NULL),(NULL,_binary '\0',118,6,130000,'4F05D9','A02','Chờ thanh toán',NULL),(NULL,_binary '\0',119,6,130000,'4F05D9','A03','Chờ thanh toán',NULL),(NULL,_binary '\0',120,6,130000,'4F05D9','A06','Chờ thanh toán',NULL),(27,_binary '\0',121,37,400000,'YMBN0A','A01','Đã thanh toán',NULL),(28,_binary '\0',122,1,130000,'U0M4YL','B22','Đã thanh toán',NULL),(29,_binary '\0',123,3,130000,'6NTLD9','A01','Đã thanh toán',NULL),(30,_binary '\0',124,34,400000,'9X7IG5','A02','Đã hủy',4),(31,_binary '\0',125,34,400000,'9G81G6','B17','Đã thanh toán',NULL),(32,_binary '\0',126,34,400000,'9G81G6','B16','Đã thanh toán',NULL),(33,_binary '\0',127,34,400000,'9G81G6','B15','Đã thanh toán',NULL),(NULL,_binary '\0',128,56,480000,'0V0F9B','A19','Chờ thanh toán',NULL),(NULL,_binary '\0',129,56,480000,'F6GP6F','A18','Chờ thanh toán',NULL),(34,_binary '\0',130,56,480000,'IVROFK','A20','Đã thanh toán',NULL),(35,_binary '\0',131,34,400000,'GEQS3C','A03','Đã thanh toán',NULL),(36,_binary '\0',132,81,540000,'0ZZXYN','A10','Đã thanh toán',NULL),(37,_binary '\0',133,81,540000,'0ZZXYN','A09','Đã thanh toán',NULL),(NULL,_binary '\0',134,54,480000,'7471D6','A09','Chờ thanh toán',NULL),(38,_binary '\0',135,38,400000,'C7NP42','A09','Đã thanh toán',NULL),(39,_binary '\0',136,207,120000,'226N4V','A04','Đã thanh toán',NULL),(40,_binary '\0',137,207,120000,'FIB4CE','A05','Đã hủy',5),(41,_binary '\0',138,207,120000,'V3PFKJ','A03','Đã thanh toán',NULL),(42,_binary '\0',139,207,120000,'V3PFKJ','A10','Đã thanh toán',NULL),(43,_binary '\0',140,207,120000,'V3PFKJ','A11','Đã thanh toán',NULL),(44,_binary '\0',141,207,120000,'V3PFKJ','B10','Đã thanh toán',NULL),(45,_binary '\0',142,207,120000,'V3PFKJ','B13','Đã thanh toán',NULL),(46,_binary '\0',143,190,120000,'GN1AY2','B22','Đã thanh toán',NULL),(47,_binary '',144,194,120000,'UIF27E','B01','Đã thanh toán',NULL),(48,_binary '',145,194,120000,'UIF27E','B04','Đã thanh toán',NULL),(49,_binary '',146,194,120000,'UIF27E','A09','Đã thanh toán',NULL),(50,_binary '',147,194,120000,'UIF27E','A12','Đã thanh toán',NULL),(51,_binary '',148,194,120000,'UIF27E','A15','Đã thanh toán',NULL),(52,_binary '',149,194,120000,'2Q5E4M','B02','Đã thanh toán',NULL),(53,_binary '',150,194,120000,'2Q5E4M','B06','Đã thanh toán',NULL),(54,_binary '',151,194,120000,'2Q5E4M','B09','Đã thanh toán',NULL),(55,_binary '',152,194,120000,'2Q5E4M','B12','Đã thanh toán',NULL),(56,_binary '',153,194,120000,'2Q5E4M','B11','Đã thanh toán',NULL),(57,_binary '',154,194,120000,'YOH2B1','A02','Đã thanh toán',NULL),(58,_binary '',155,194,120000,'YOH2B1','A01','Đã thanh toán',NULL),(59,_binary '\0',156,194,120000,'YOH2B1','A03','Đã hủy',NULL),(NULL,_binary '\0',157,194,120000,'GXVLF0','A04','Chờ thanh toán',NULL),(60,_binary '\0',158,207,120000,'OH8Z3A','A08','Đã thanh toán',NULL),(61,_binary '\0',159,207,120000,'OH8Z3A','A05','Đã thanh toán',NULL),(NULL,_binary '\0',160,204,120000,'TP7395','A02','Chờ thanh toán',NULL),(NULL,_binary '\0',161,204,120000,'TP7395','A03','Chờ thanh toán',NULL),(NULL,_binary '\0',162,204,120000,'TP7395','A01','Chờ thanh toán',NULL),(NULL,_binary '\0',163,203,120000,'WDUL3K','A06','Đã hủy',NULL),(62,_binary '\0',164,203,120000,'KRCAHP','A01','Đã thanh toán',NULL),(63,_binary '\0',165,203,120000,'KRCAHP','A04','Đã thanh toán',NULL),(64,_binary '\0',166,203,120000,'KRCAHP','A07','Đã thanh toán',NULL),(65,_binary '\0',167,203,120000,'KRCAHP','A10','Đã thanh toán',NULL),(66,_binary '\0',168,203,120000,'KRCAHP','A13','Đã thanh toán',NULL),(67,_binary '\0',169,206,120000,'F4VVDB','B21','Đã thanh toán',NULL),(68,_binary '\0',170,206,120000,'F4VVDB','A01','Đã thanh toán',NULL),(69,_binary '\0',171,206,120000,'F4VVDB','A02','Đã thanh toán',NULL),(70,_binary '\0',172,206,120000,'F4VVDB','B22','Đã thanh toán',NULL),(71,_binary '\0',173,206,120000,'F4VVDB','B19','Đã thanh toán',NULL),(72,_binary '\0',174,207,120000,'WCXZBN','B12','Đã thanh toán',NULL),(73,_binary '\0',175,207,120000,'WCXZBN','B15','Đã thanh toán',NULL),(74,_binary '\0',176,208,120000,'WCXZBN','B19','Đã thanh toán',NULL),(75,_binary '\0',177,208,120000,'WCXZBN','B18','Đã thanh toán',NULL),(NULL,_binary '\0',178,207,120000,'91FW9J','A17','Chờ thanh toán',NULL),(NULL,_binary '\0',179,207,120000,'91FW9J','A16','Chờ thanh toán',NULL),(76,_binary '\0',180,207,120000,'9VPIDB','B19','Đã hủy',6),(77,_binary '\0',181,207,120000,'9VPIDB','B20','Đã hủy',6),(78,_binary '\0',182,207,120000,'X38MUT','B01','Đã thanh toán',NULL),(79,_binary '\0',183,207,120000,'X38MUT','B02','Đã thanh toán',NULL),(80,_binary '\0',184,207,120000,'X38MUT','B03','Đã thanh toán',NULL),(81,_binary '\0',185,207,120000,'X38MUT','B04','Đã thanh toán',NULL),(82,_binary '\0',186,207,120000,'X38MUT','B05','Đã thanh toán',NULL),(83,_binary '\0',187,207,120000,'X38MUT','B06','Đã thanh toán',NULL),(84,_binary '\0',188,205,120000,'D5GBHF','A08','Đã thanh toán',NULL),(85,_binary '\0',189,207,120000,'SDME1K','A06','Đã thanh toán',NULL),(86,_binary '\0',190,207,120000,'SDME1K','A09','Đã thanh toán',NULL),(87,_binary '\0',191,207,120000,'SDME1K','A12','Đã thanh toán',NULL),(88,_binary '\0',192,207,120000,'SDME1K','B08','Đã thanh toán',NULL),(89,_binary '\0',193,207,120000,'SDME1K','B11','Đã thanh toán',NULL),(90,_binary '\0',194,207,120000,'D20U93','A20','Đã thanh toán',NULL),(91,_binary '\0',195,208,120000,'LFL2OC','B22','Đã thanh toán',NULL),(92,_binary '\0',196,208,120000,'LFL2OC','B17','Đã hủy',7),(93,_binary '\0',197,207,120000,'RQ8K8K','A01','Đã hủy',NULL),(94,_binary '\0',198,207,120000,'RQ8K8K','A02','Đã hủy',NULL),(95,_binary '\0',199,208,120000,'RQ8K8K','A01','Đã thanh toán',NULL),(96,_binary '\0',200,208,120000,'RQ8K8K','A02','Đã thanh toán',NULL),(97,_binary '\0',201,203,120000,'17RIW3','A02','Đã thanh toán',NULL),(NULL,_binary '\0',202,199,120000,'1KJPA8','A09','Chờ thanh toán',NULL),(98,_binary '\0',203,213,120000,'REJ5JV','A01','Đã thanh toán',NULL),(99,_binary '\0',204,213,120000,'REJ5JV','A04','Đã thanh toán',NULL),(100,_binary '\0',205,213,120000,'REJ5JV','A07','Đã thanh toán',NULL),(101,_binary '\0',206,213,120000,'REJ5JV','A10','Đã thanh toán',NULL),(102,_binary '\0',207,213,120000,'REJ5JV','A13','Đã thanh toán',NULL),(103,_binary '\0',208,213,120000,'REJ5JV','A16','Đã thanh toán',NULL),(104,_binary '\0',209,213,120000,'REJ5JV','A18','Đã thanh toán',NULL),(105,_binary '\0',210,214,120000,'LTWQTQ','B01','Đã thanh toán',NULL),(106,_binary '\0',211,214,120000,'LTWQTQ','B02','Đã thanh toán',NULL),(107,_binary '\0',212,214,120000,'LTWQTQ','B05','Đã thanh toán',NULL),(108,_binary '\0',213,214,120000,'LTWQTQ','B09','Đã thanh toán',NULL),(109,_binary '\0',214,214,120000,'LTWQTQ','B11','Đã thanh toán',NULL),(110,_binary '\0',215,214,120000,'LTWQTQ','B15','Đã thanh toán',NULL),(111,_binary '\0',216,214,120000,'LTWQTQ','B21','Đã thanh toán',NULL),(112,_binary '\0',217,214,120000,'LTWQTQ','B20','Đã thanh toán',NULL),(113,_binary '\0',218,214,120000,'V2OD29','A10','Đã thanh toán',NULL),(114,_binary '\0',219,214,120000,'V2OD29','A11','Đã thanh toán',NULL),(115,_binary '\0',220,214,120000,'CKU0X7','A16','Đã thanh toán',NULL),(116,_binary '\0',221,223,120000,'28U2JT','A10','Đã thanh toán',NULL),(117,_binary '\0',222,223,120000,'28U2JT','A11','Đã thanh toán',NULL),(127,_binary '\0',223,221,120000,'QBRYTM','A13','Đã thanh toán',NULL),(128,_binary '\0',224,221,120000,'QBRYTM','A14','Đã thanh toán',NULL),(118,_binary '\0',225,221,120000,'LA9V6E','B01','Đã thanh toán',NULL),(119,_binary '\0',226,221,120000,'LA9V6E','B02','Đã thanh toán',NULL),(120,_binary '\0',227,221,120000,'LA9V6E','B03','Đã thanh toán',NULL),(121,_binary '\0',228,221,120000,'LA9V6E','B06','Đã thanh toán',NULL),(122,_binary '\0',229,221,120000,'LA9V6E','B05','Đã thanh toán',NULL),(123,_binary '\0',230,221,120000,'LA9V6E','B04','Đã thanh toán',NULL),(124,_binary '\0',231,221,120000,'LA9V6E','B07','Đã thanh toán',NULL),(125,_binary '\0',232,221,120000,'LA9V6E','B08','Đã thanh toán',NULL),(126,_binary '\0',233,221,120000,'LA9V6E','B09','Đã thanh toán',NULL),(129,_binary '\0',234,221,120000,'ZCBD0B','A05','Đã thanh toán',NULL),(130,_binary '\0',235,221,120000,'ZCBD0B','A08','Đã thanh toán',NULL),(131,_binary '\0',236,221,120000,'ZCBD0B','A11','Đã thanh toán',NULL),(NULL,_binary '\0',237,262,150000,'32RT7M','A03','Chờ thanh toán',NULL),(NULL,_binary '\0',238,262,150000,'32RT7M','A06','Chờ thanh toán',NULL),(NULL,_binary '\0',239,262,150000,'32RT7M','A09','Chờ thanh toán',NULL),(NULL,_binary '\0',240,262,150000,'32RT7M','A12','Chờ thanh toán',NULL),(NULL,_binary '\0',241,262,150000,'32RT7M','A15','Chờ thanh toán',NULL),(NULL,_binary '\0',242,262,150000,'YS101O','A01','Chờ thanh toán',NULL),(NULL,_binary '\0',243,262,150000,'YS101O','A02','Chờ thanh toán',NULL),(NULL,_binary '\0',244,262,150000,'YS101O','A05','Chờ thanh toán',NULL),(NULL,_binary '\0',245,262,150000,'YS101O','A04','Chờ thanh toán',NULL),(NULL,_binary '\0',246,262,150000,'O5SDHQ','B14','Chờ thanh toán',NULL),(NULL,_binary '\0',247,262,150000,'O5SDHQ','B20','Chờ thanh toán',NULL),(NULL,_binary '\0',248,262,150000,'O5SDHQ','B21','Chờ thanh toán',NULL),(NULL,_binary '\0',249,262,150000,'O5SDHQ','B22','Chờ thanh toán',NULL),(NULL,_binary '\0',250,262,150000,'O5SDHQ','B17','Chờ thanh toán',NULL),(NULL,_binary '\0',251,262,150000,'KUK9Z0','A18','Chờ thanh toán',NULL),(NULL,_binary '\0',252,262,150000,'KUK9Z0','A19','Chờ thanh toán',NULL),(NULL,_binary '\0',253,262,150000,'KUK9Z0','A20','Chờ thanh toán',NULL),(NULL,_binary '\0',254,262,150000,'KUK9Z0','A21','Chờ thanh toán',NULL),(NULL,_binary '\0',255,262,150000,'KUK9Z0','A22','Chờ thanh toán',NULL),(132,_binary '\0',256,262,150000,'E58WXB','B02','Đã thanh toán',NULL),(133,_binary '\0',257,262,150000,'E58WXB','B03','Đã thanh toán',NULL),(134,_binary '\0',258,262,150000,'E58WXB','B06','Đã thanh toán',NULL),(NULL,_binary '\0',259,262,150000,'92C91S','B12','Chờ thanh toán',NULL),(NULL,_binary '\0',260,262,150000,'92C91S','B09','Chờ thanh toán',NULL),(NULL,_binary '\0',261,266,150000,'9R6XGM','B22','Chờ thanh toán',NULL),(NULL,_binary '\0',262,266,150000,'9R6XGM','B21','Chờ thanh toán',NULL),(NULL,_binary '\0',263,266,150000,'9R6XGM','B20','Chờ thanh toán',NULL),(NULL,_binary '\0',264,266,150000,'9R6XGM','B18','Chờ thanh toán',NULL),(NULL,_binary '\0',265,266,150000,'9R6XGM','B19','Chờ thanh toán',NULL),(NULL,_binary '\0',266,266,150000,'2JAM8Y','B17','Chờ thanh toán',NULL),(NULL,_binary '\0',267,266,150000,'2JAM8Y','B15','Chờ thanh toán',NULL),(NULL,_binary '\0',268,266,150000,'2JAM8Y','B12','Chờ thanh toán',NULL),(NULL,_binary '\0',269,266,150000,'2JAM8Y','B09','Chờ thanh toán',NULL),(NULL,_binary '\0',270,266,150000,'2JAM8Y','B06','Chờ thanh toán',NULL),(NULL,_binary '\0',271,266,150000,'XNLEFW','B03','Chờ thanh toán',NULL),(NULL,_binary '\0',272,266,150000,'XNLEFW','B02','Chờ thanh toán',NULL),(NULL,_binary '\0',273,266,150000,'XNLEFW','B05','Chờ thanh toán',NULL),(NULL,_binary '\0',274,266,150000,'XNLEFW','B08','Chờ thanh toán',NULL),(NULL,_binary '\0',275,266,150000,'OO1EY3','B13','Chờ thanh toán',NULL),(NULL,_binary '\0',276,266,150000,'OO1EY3','B10','Chờ thanh toán',NULL),(NULL,_binary '\0',277,266,150000,'OO1EY3','B07','Chờ thanh toán',NULL),(NULL,_binary '\0',278,266,150000,'OO1EY3','B04','Chờ thanh toán',NULL),(NULL,_binary '\0',279,266,150000,'OO1EY3','B01','Chờ thanh toán',NULL),(NULL,_binary '\0',280,268,150000,'YN6JBI','A01','Chờ thanh toán',NULL),(NULL,_binary '\0',281,268,150000,'YN6JBI','A04','Chờ thanh toán',NULL),(NULL,_binary '\0',282,268,150000,'YN6JBI','A07','Chờ thanh toán',NULL),(NULL,_binary '\0',283,268,150000,'YN6JBI','A10','Chờ thanh toán',NULL),(NULL,_binary '\0',284,268,150000,'YN6JBI','A13','Chờ thanh toán',NULL),(NULL,_binary '\0',285,268,150000,'IZT9OW','A02','Chờ thanh toán',NULL),(NULL,_binary '\0',286,268,150000,'IZT9OW','A03','Chờ thanh toán',NULL),(NULL,_binary '\0',287,268,150000,'IZT9OW','A06','Chờ thanh toán',NULL),(NULL,_binary '\0',288,268,150000,'IZT9OW','A05','Chờ thanh toán',NULL),(NULL,_binary '\0',289,268,150000,'IZT9OW','A08','Chờ thanh toán',NULL),(NULL,_binary '\0',290,268,150000,'AKVM7M','A09','Chờ thanh toán',NULL),(NULL,_binary '\0',291,268,150000,'AKVM7M','A12','Chờ thanh toán',NULL),(NULL,_binary '\0',292,268,150000,'AKVM7M','A15','Chờ thanh toán',NULL),(NULL,_binary '\0',293,268,150000,'AKVM7M','A17','Chờ thanh toán',NULL),(NULL,_binary '\0',294,268,150000,'AKVM7M','A22','Chờ thanh toán',NULL),(135,_binary '\0',295,268,150000,'HFQKRZ','A11','Đã thanh toán',NULL),(136,_binary '\0',296,268,150000,'HFQKRZ','A14','Đã thanh toán',NULL),(137,_binary '\0',297,268,150000,'HFQKRZ','A20','Đã thanh toán',NULL),(138,_binary '\0',298,268,150000,'HFQKRZ','A21','Đã thanh toán',NULL),(139,_binary '\0',299,268,150000,'HFQKRZ','A19','Đã thanh toán',NULL),(140,_binary '\0',300,266,150000,'FX9B4E','B11','Đã thanh toán',NULL),(141,_binary '\0',301,266,150000,'FX9B4E','B14','Đã thanh toán',NULL),(142,_binary '\0',302,268,150000,'J0PZ4V','B22','Đã thanh toán',NULL),(143,_binary '\0',303,268,150000,'J0PZ4V','B21','Đã thanh toán',NULL),(144,_binary '\0',304,268,150000,'J0PZ4V','B20','Đã thanh toán',NULL),(145,_binary '\0',305,268,150000,'J0PZ4V','B19','Đã thanh toán',NULL),(146,_binary '\0',306,268,150000,'J0PZ4V','B18','Đã thanh toán',NULL),(147,_binary '\0',307,266,150000,'N42DO0','A22','Đã thanh toán',NULL),(148,_binary '\0',308,266,150000,'N42DO0','A17','Đã thanh toán',NULL),(149,_binary '\0',309,266,150000,'N42DO0','A15','Đã thanh toán',NULL),(150,_binary '\0',310,266,150000,'N42DO0','A12','Đã thanh toán',NULL),(NULL,_binary '\0',311,266,150000,'RW3BZJ','A09','Chờ thanh toán',NULL),(NULL,_binary '\0',312,266,150000,'RW3BZJ','A06','Chờ thanh toán',NULL),(NULL,_binary '\0',313,266,150000,'RW3BZJ','A03','Chờ thanh toán',NULL),(151,_binary '\0',314,227,120000,'MU2WH6','A03','Đã thanh toán',NULL),(152,_binary '\0',315,227,120000,'MU2WH6','A06','Đã thanh toán',NULL),(153,_binary '\0',316,227,120000,'MU2WH6','A09','Đã thanh toán',NULL),(NULL,_binary '\0',317,227,120000,'M44YBJ','B20','Chờ thanh toán',NULL),(NULL,_binary '\0',318,227,120000,'M44YBJ','B21','Chờ thanh toán',NULL),(NULL,_binary '\0',319,227,120000,'M44YBJ','B22','Chờ thanh toán',NULL),(154,_binary '\0',320,230,120000,'CU79PY','B22','Đã thanh toán',NULL),(155,_binary '\0',321,230,120000,'CU79PY','B21','Đã thanh toán',NULL),(156,_binary '\0',322,230,120000,'CU79PY','B20','Đã thanh toán',NULL),(157,_binary '\0',323,266,150000,'W9TZKF','A01','Đã thanh toán',NULL),(158,_binary '\0',324,266,150000,'W9TZKF','A04','Đã thanh toán',NULL),(159,_binary '\0',325,266,150000,'W9TZKF','A07','Đã thanh toán',NULL),(160,_binary '\0',326,297,310000,'GD7NNI','B17','Đã thanh toán',NULL),(161,_binary '\0',327,297,310000,'GD7NNI','B14','Đã thanh toán',NULL),(162,_binary '\0',328,297,310000,'GD7NNI','B11','Đã hủy',8),(163,_binary '\0',329,297,310000,'GD7NNI','B08','Đã hủy',8),(164,_binary '\0',330,300,310000,'R5AIPJ','A02','Đã thanh toán',NULL),(165,_binary '\0',331,300,310000,'R5AIPJ','B09','Đã thanh toán',NULL),(166,_binary '\0',332,300,310000,'R5AIPJ','B12','Đã thanh toán',NULL),(167,_binary '\0',333,374,310000,'K8X9NW','A01','Đã hủy',NULL),(168,_binary '\0',334,374,310000,'K8X9NW','A02','Đã hủy',NULL),(169,_binary '\0',335,374,310000,'K8X9NW','A01','Đã thanh toán',NULL),(170,_binary '\0',336,374,310000,'K8X9NW','A02','Đã thanh toán',NULL),(171,_binary '',337,355,120000,'G7HYKT','A02','Đã thanh toán',NULL),(172,_binary '',338,225,120000,'G7HYKT','A01','Đã thanh toán',NULL),(173,_binary '\0',339,225,120000,'G7HYKT','A04','Đã thanh toán',NULL),(174,_binary '\0',340,225,120000,'G7HYKT','A05','Đã thanh toán',NULL),(175,_binary '\0',341,225,120000,'G7HYKT','A06','Đã thanh toán',NULL),(176,_binary '',342,355,120000,'G7HYKT','A03','Đã thanh toán',NULL),(177,_binary '',343,225,120000,'G7HYKT','A07','Đã thanh toán',NULL),(178,_binary '\0',344,225,120000,'G7HYKT','A08','Đã thanh toán',NULL),(179,_binary '\0',345,225,120000,'G7HYKT','A09','Đã thanh toán',NULL),(NULL,_binary '\0',346,225,120000,'Z625VI','A10','Chờ thanh toán',NULL),(NULL,_binary '\0',347,225,120000,'Z625VI','A14','Chờ thanh toán',NULL),(NULL,_binary '\0',348,225,120000,'Z625VI','A11','Chờ thanh toán',NULL),(NULL,_binary '\0',349,225,120000,'Z625VI','A13','Chờ thanh toán',NULL),(NULL,_binary '\0',350,225,120000,'Z625VI','B02','Chờ thanh toán',NULL),(NULL,_binary '\0',351,225,120000,'Z625VI','B05','Chờ thanh toán',NULL),(180,_binary '\0',352,300,310000,'P9MDIV','A11','Chờ hủy',9),(181,_binary '\0',353,300,310000,'P9MDIV','A14','Chờ hủy',9),(182,_binary '\0',354,227,120000,'KBDHCR','B17','Đã thanh toán',NULL),(183,_binary '\0',355,227,120000,'KBDHCR','B15','Đã thanh toán',NULL),(184,_binary '\0',356,266,150000,'GWCYQ8','A02','Đã thanh toán',NULL),(185,_binary '\0',357,266,150000,'GWCYQ8','A05','Đã thanh toán',NULL),(186,_binary '\0',358,266,150000,'GWCYQ8','A08','Đã thanh toán',NULL),(NULL,_binary '\0',359,231,120000,'BQAAJJ','B03','Đã hủy',NULL),(NULL,_binary '\0',360,231,120000,'BQAAJJ','B09','Đã hủy',NULL),(NULL,_binary '\0',361,232,120000,'FUQ8FD','B18','Chờ thanh toán',NULL),(NULL,_binary '\0',362,232,120000,'FUQ8FD','B13','Chờ thanh toán',NULL),(NULL,_binary '\0',363,232,120000,'4YKIL3','B01','Chờ thanh toán',NULL),(NULL,_binary '\0',364,232,120000,'4YKIL3','B04','Chờ thanh toán',NULL),(NULL,_binary '\0',365,231,120000,'RI64KA','B22','Đã hủy',NULL),(NULL,_binary '\0',366,231,120000,'RI64KA','B17','Đã hủy',NULL),(NULL,_binary '\0',367,231,120000,'RI64KA','B15','Đã hủy',NULL),(NULL,_binary '\0',368,231,120000,'W1RDO7','B22','Đã hủy',NULL),(NULL,_binary '\0',369,231,120000,'W1RDO7','B17','Đã hủy',NULL),(NULL,_binary '\0',370,231,120000,'W1RDO7','B21','Đã hủy',NULL),(NULL,_binary '\0',371,231,120000,'Z25R7A','B12','Đã hủy',NULL),(NULL,_binary '\0',372,231,120000,'Z25R7A','B15','Đã hủy',NULL),(NULL,_binary '\0',373,231,120000,'Z25R7A','B17','Đã hủy',NULL),(NULL,_binary '\0',374,231,120000,'J7Q8H5','B02','Đã hủy',NULL),(NULL,_binary '\0',375,231,120000,'J7Q8H5','B05','Đã hủy',NULL),(NULL,_binary '\0',376,231,120000,'J7Q8H5','B08','Đã hủy',NULL),(187,_binary '\0',377,231,120000,'XJW04T','B03','Đã thanh toán',NULL),(188,_binary '\0',378,231,120000,'XJW04T','B06','Đã thanh toán',NULL),(NULL,_binary '\0',379,231,120000,'88GXKV','B09','Đã hủy',NULL),(NULL,_binary '\0',380,231,120000,'88GXKV','B12','Đã hủy',NULL),(NULL,_binary '\0',381,231,120000,'0K2A4E','B09','Đã hủy',NULL),(NULL,_binary '\0',382,231,120000,'0K2A4E','B12','Đã hủy',NULL),(NULL,_binary '\0',383,231,120000,'0K2A4E','B15','Đã hủy',NULL),(NULL,_binary '\0',384,231,120000,'B90XDE','B21','Đã hủy',NULL),(NULL,_binary '\0',385,231,120000,'B90XDE','B20','Đã hủy',NULL),(NULL,_binary '\0',386,231,120000,'B90XDE','B19','Đã hủy',NULL),(NULL,_binary '\0',387,232,120000,'Y41180','B03','Đã hủy',NULL),(NULL,_binary '\0',388,232,120000,'Y41180','B06','Đã hủy',NULL),(NULL,_binary '\0',389,232,120000,'Y41180','B09','Đã hủy',NULL),(NULL,_binary '\0',390,231,120000,'YWL7KL','B09','Đã hủy',NULL),(NULL,_binary '\0',391,231,120000,'YWL7KL','B12','Đã hủy',NULL),(NULL,_binary '\0',392,231,120000,'YWL7KL','B15','Đã hủy',NULL),(189,_binary '\0',393,231,120000,'IW4KF1','B08','Đã thanh toán',NULL),(190,_binary '\0',394,231,120000,'IW4KF1','B11','Đã thanh toán',NULL),(191,_binary '\0',395,231,120000,'IW4KF1','B14','Đã thanh toán',NULL),(192,_binary '\0',396,232,120000,'9884YG','B11','Đã thanh toán',NULL),(193,_binary '\0',397,232,120000,'9884YG','B14','Đã thanh toán',NULL),(194,_binary '\0',398,232,120000,'BQ72MY','B09','Đã thanh toán',NULL),(195,_binary '\0',399,232,120000,'BQ72MY','B12','Đã thanh toán',NULL),(196,_binary '\0',400,232,120000,'BQ72MY','B15','Đã thanh toán',NULL),(NULL,_binary '\0',401,231,120000,'C2YGUU','B15','Đã hủy',NULL),(NULL,_binary '\0',402,231,120000,'C2YGUU','B17','Đã hủy',NULL),(NULL,_binary '\0',403,231,120000,'C2YGUU','B22','Đã hủy',NULL),(197,_binary '\0',404,329,120000,'JUMMHR','A01','Đã thanh toán',NULL),(198,_binary '\0',405,329,120000,'JUMMHR','A04','Đã thanh toán',NULL),(199,_binary '\0',406,329,120000,'JUMMHR','A07','Đã thanh toán',NULL),(200,_binary '\0',407,329,120000,'JUMMHR','A10','Đã thanh toán',NULL),(201,_binary '\0',408,331,120000,'44QQYL','A01','Đã thanh toán',NULL),(202,_binary '\0',409,331,120000,'44QQYL','A02','Đã thanh toán',NULL),(203,_binary '\0',410,331,120000,'44QQYL','A03','Đã thanh toán',NULL),(204,_binary '\0',411,331,120000,'44QQYL','A06','Đã thanh toán',NULL),(205,_binary '\0',412,331,120000,'44QQYL','A05','Đã thanh toán',NULL),(206,_binary '\0',413,331,120000,'44QQYL','A04','Đã thanh toán',NULL),(207,_binary '\0',414,331,120000,'44QQYL','A07','Đã thanh toán',NULL),(208,_binary '\0',415,331,120000,'44QQYL','A08','Đã thanh toán',NULL),(209,_binary '\0',416,331,120000,'44QQYL','A09','Đã thanh toán',NULL),(210,_binary '\0',417,331,120000,'44QQYL','A12','Đã thanh toán',NULL),(211,_binary '\0',418,331,120000,'44QQYL','A11','Đã thanh toán',NULL),(212,_binary '\0',419,331,120000,'44QQYL','A10','Đã thanh toán',NULL),(NULL,_binary '\0',420,331,120000,'TFF4LW','A13','Chờ thanh toán',NULL),(NULL,_binary '\0',421,331,120000,'TFF4LW','A16','Chờ thanh toán',NULL),(NULL,_binary '\0',422,331,120000,'TFF4LW','A18','Chờ thanh toán',NULL),(NULL,_binary '\0',423,331,120000,'TFF4LW','A19','Chờ thanh toán',NULL),(NULL,_binary '\0',424,331,120000,'BUM6YI','B01','Chờ thanh toán',NULL),(NULL,_binary '\0',425,331,120000,'BUM6YI','B04','Chờ thanh toán',NULL),(NULL,_binary '\0',426,331,120000,'BUM6YI','B07','Chờ thanh toán',NULL),(NULL,_binary '\0',427,331,120000,'BUM6YI','B10','Chờ thanh toán',NULL),(NULL,_binary '\0',428,331,120000,'BUM6YI','B13','Chờ thanh toán',NULL),(NULL,_binary '\0',429,331,120000,'BUM6YI','B18','Chờ thanh toán',NULL),(NULL,_binary '\0',430,331,120000,'BUM6YI','B19','Chờ thanh toán',NULL),(NULL,_binary '\0',431,332,120000,'Y5PTK2','A02','Chờ thanh toán',NULL),(NULL,_binary '\0',432,332,120000,'Y5PTK2','A05','Chờ thanh toán',NULL),(NULL,_binary '\0',433,332,120000,'Y5PTK2','A08','Chờ thanh toán',NULL),(NULL,_binary '\0',434,332,120000,'Y5PTK2','A11','Chờ thanh toán',NULL),(NULL,_binary '\0',435,332,120000,'Y5PTK2','A14','Chờ thanh toán',NULL),(NULL,_binary '\0',436,332,120000,'Y5PTK2','A19','Chờ thanh toán',NULL),(NULL,_binary '\0',437,332,120000,'Y5PTK2','A20','Chờ thanh toán',NULL),(NULL,_binary '\0',438,332,120000,'Y5PTK2','A21','Chờ thanh toán',NULL),(NULL,_binary '\0',439,332,120000,'GR9VVF','B02','Chờ thanh toán',NULL),(NULL,_binary '\0',440,332,120000,'GR9VVF','B05','Chờ thanh toán',NULL),(NULL,_binary '\0',441,332,120000,'GR9VVF','B08','Chờ thanh toán',NULL),(NULL,_binary '\0',442,332,120000,'GR9VVF','B11','Chờ thanh toán',NULL),(NULL,_binary '\0',443,332,120000,'GR9VVF','B14','Chờ thanh toán',NULL),(NULL,_binary '\0',444,332,120000,'GR9VVF','B19','Chờ thanh toán',NULL),(NULL,_binary '\0',445,332,120000,'GR9VVF','B20','Chờ thanh toán',NULL),(NULL,_binary '\0',446,332,120000,'GR9VVF','B21','Chờ thanh toán',NULL),(NULL,_binary '\0',447,332,120000,'6SRBZ8','B03','Chờ thanh toán',NULL),(NULL,_binary '\0',448,332,120000,'6SRBZ8','B06','Chờ thanh toán',NULL),(NULL,_binary '\0',449,332,120000,'6SRBZ8','B09','Chờ thanh toán',NULL),(NULL,_binary '\0',450,332,120000,'6SRBZ8','B12','Chờ thanh toán',NULL),(NULL,_binary '\0',451,332,120000,'6SRBZ8','B15','Chờ thanh toán',NULL),(NULL,_binary '\0',452,332,120000,'6SRBZ8','B17','Chờ thanh toán',NULL),(NULL,_binary '\0',453,332,120000,'6SRBZ8','B22','Chờ thanh toán',NULL),(NULL,_binary '\0',454,332,120000,'40FJ8B','A03','Chờ thanh toán',NULL),(NULL,_binary '\0',455,332,120000,'40FJ8B','A06','Chờ thanh toán',NULL),(NULL,_binary '\0',456,332,120000,'40FJ8B','A09','Chờ thanh toán',NULL),(NULL,_binary '\0',457,332,120000,'40FJ8B','A12','Chờ thanh toán',NULL),(NULL,_binary '\0',458,332,120000,'40FJ8B','A15','Chờ thanh toán',NULL),(NULL,_binary '\0',459,332,120000,'40FJ8B','A17','Chờ thanh toán',NULL),(NULL,_binary '\0',460,332,120000,'40FJ8B','A22','Chờ thanh toán',NULL),(NULL,_binary '\0',461,332,120000,'QKD1XW','B01','Chờ thanh toán',NULL),(NULL,_binary '\0',462,332,120000,'QKD1XW','A01','Chờ thanh toán',NULL),(NULL,_binary '\0',463,332,120000,'1HQU77','A04','Chờ thanh toán',NULL),(NULL,_binary '\0',464,332,120000,'1HQU77','B04','Chờ thanh toán',NULL),(NULL,_binary '\0',465,331,120000,'WN7F7I','A20','Chờ thanh toán',NULL),(NULL,_binary '\0',466,331,120000,'WN7F7I','A21','Chờ thanh toán',NULL),(NULL,_binary '\0',467,331,120000,'WN7F7I','A22','Chờ thanh toán',NULL),(NULL,_binary '\0',468,331,120000,'WN7F7I','A17','Chờ thanh toán',NULL),(NULL,_binary '\0',469,331,120000,'NAM44F','B20','Chờ thanh toán',NULL),(NULL,_binary '\0',470,331,120000,'NAM44F','B21','Chờ thanh toán',NULL),(NULL,_binary '\0',471,331,120000,'NAM44F','B22','Chờ thanh toán',NULL),(NULL,_binary '\0',472,331,120000,'NAM44F','B17','Chờ thanh toán',NULL),(NULL,_binary '\0',473,331,120000,'JF7N8M','A14','Chờ thanh toán',NULL),(NULL,_binary '\0',474,331,120000,'JF7N8M','A15','Chờ thanh toán',NULL),(NULL,_binary '\0',475,332,120000,'TQ6BHU','B07','Chờ thanh toán',NULL),(NULL,_binary '\0',476,332,120000,'TQ6BHU','B10','Chờ thanh toán',NULL),(NULL,_binary '\0',477,332,120000,'TQ6BHU','B13','Chờ thanh toán',NULL),(NULL,_binary '\0',478,332,120000,'TQ6BHU','B18','Chờ thanh toán',NULL),(213,_binary '\0',479,339,120000,'DSLNPN','A01','Đã thanh toán',NULL),(214,_binary '\0',480,339,120000,'DSLNPN','A04','Đã thanh toán',NULL),(215,_binary '\0',481,339,120000,'DSLNPN','A07','Đã thanh toán',NULL),(216,_binary '\0',482,339,120000,'DSLNPN','A10','Đã thanh toán',NULL),(217,_binary '\0',483,339,120000,'DSLNPN','A13','Đã thanh toán',NULL),(218,_binary '\0',484,336,120000,'269HGT','A02','Đã thanh toán',NULL),(219,_binary '\0',485,336,120000,'269HGT','A05','Đã thanh toán',NULL),(220,_binary '\0',486,339,120000,'RKIC5M','A02','Đã thanh toán',NULL),(221,_binary '\0',487,339,120000,'RKIC5M','A03','Đã thanh toán',NULL),(222,_binary '\0',488,339,120000,'RKIC5M','A06','Đã thanh toán',NULL),(223,_binary '\0',489,339,120000,'RKIC5M','A05','Đã thanh toán',NULL),(224,_binary '\0',490,339,120000,'884MSZ','A15','Đã thanh toán',NULL),(225,_binary '\0',491,339,120000,'884MSZ','A14','Đã thanh toán',NULL),(NULL,_binary '\0',492,339,120000,'0Q6IEU','B08','Chờ thanh toán',NULL),(NULL,_binary '\0',493,339,120000,'0Q6IEU','B07','Chờ thanh toán',NULL),(NULL,_binary '\0',494,339,120000,'0Q6IEU','B04','Chờ thanh toán',NULL),(226,_binary '\0',495,339,120000,'XBA0H0','A18','Đã thanh toán',NULL),(227,_binary '\0',496,339,120000,'XBA0H0','A19','Đã thanh toán',NULL),(228,_binary '\0',497,339,120000,'XBA0H0','A20','Đã thanh toán',NULL),(229,_binary '\0',498,339,120000,'XBA0H0','A21','Đã thanh toán',NULL),(230,_binary '\0',499,339,120000,'XBA0H0','A22','Đã thanh toán',NULL),(NULL,_binary '\0',500,395,120000,'R7A9A9','A01','Chờ thanh toán',NULL),(NULL,_binary '\0',501,395,120000,'R7A9A9','A02','Chờ thanh toán',NULL),(NULL,_binary '\0',502,395,120000,'R7A9A9','A03','Chờ thanh toán',NULL),(231,_binary '\0',503,395,120000,'F8TCPC','A04','Đã thanh toán',NULL),(232,_binary '\0',504,395,120000,'F8TCPC','A07','Đã thanh toán',NULL),(233,_binary '\0',505,395,120000,'F8TCPC','B02','Đã thanh toán',NULL),(234,_binary '\0',506,395,120000,'F8TCPC','B05','Đã thanh toán',NULL),(235,_binary '\0',507,395,120000,'F8TCPC','B08','Đã thanh toán',NULL),(NULL,_binary '\0',508,395,120000,'Y3X9ZW','B09','Chờ thanh toán',NULL),(NULL,_binary '\0',509,395,120000,'0N30WD','B10','Chờ thanh toán',NULL),(NULL,_binary '\0',510,395,120000,'2LWXF3','B11','Chờ thanh toán',NULL),(NULL,_binary '\0',511,397,120000,'O7RCDH','B14','Chờ thanh toán',NULL),(NULL,_binary '\0',512,395,120000,'EWDPBX','B12','Chờ thanh toán',NULL),(NULL,_binary '\0',513,395,120000,'CU9Q80','B22','Chờ thanh toán',NULL),(NULL,_binary '\0',514,395,120000,'CU9Q80','B21','Chờ thanh toán',NULL),(NULL,_binary '\0',515,395,120000,'NU2Z06','B18','Chờ thanh toán',NULL),(NULL,_binary '\0',516,395,120000,'RCW365','B13','Chờ thanh toán',NULL),(NULL,_binary '\0',517,395,120000,'AAZB8I','B14','Chờ thanh toán',NULL),(NULL,_binary '\0',518,395,120000,'5ADYNW','B15','Chờ thanh toán',NULL),(236,_binary '\0',519,395,120000,'96CBRZ','A22','Đã thanh toán',NULL),(NULL,_binary '\0',520,395,120000,'XXPLA5','B17','Chờ thanh toán',NULL),(237,_binary '\0',521,395,120000,'C7P6QS','B19','Đã thanh toán',NULL),(NULL,_binary '\0',522,395,120000,'4AIJH2','A10','Đã hủy',NULL),(238,_binary '\0',523,395,120000,'LI7RJC','A05','Đã thanh toán',NULL),(NULL,_binary '\0',524,395,120000,'Y1CH1R','B07','Đã hủy',NULL),(NULL,_binary '\0',525,395,120000,'59UD8O','A08','Đã hủy',NULL),(239,_binary '\0',526,400,120000,'0KVZIJ','B18','Đã thanh toán',NULL),(240,_binary '\0',527,400,120000,'0KVZIJ','B19','Đã thanh toán',NULL),(241,_binary '\0',528,400,120000,'0KVZIJ','B20','Đã thanh toán',NULL),(242,_binary '\0',529,400,120000,'0KVZIJ','B21','Đã thanh toán',NULL),(243,_binary '\0',530,402,120000,'OSS3XB','B02','Đã thanh toán',10),(244,_binary '\0',531,402,120000,'OSS3XB','B05','Đã thanh toán',10),(245,_binary '\0',532,402,120000,'OSS3XB','B08','Đã thanh toán',10),(246,_binary '\0',533,402,120000,'OSS3XB','B11','Đã thanh toán',10),(247,_binary '\0',534,402,120000,'OSS3XB','B14','Đã thanh toán',10),(248,_binary '\0',535,406,120000,'POU3DY','A01','Đã thanh toán',NULL),(249,_binary '\0',536,406,120000,'POU3DY','A02','Đã thanh toán',NULL),(250,_binary '\0',537,406,120000,'Q6XIOI','A05','Đã thanh toán',NULL),(251,_binary '\0',538,406,120000,'Q6XIOI','A08','Đã thanh toán',NULL),(252,_binary '\0',539,407,120000,'ORT7HO','B01','Đã thanh toán',NULL),(253,_binary '\0',540,407,120000,'ORT7HO','B04','Đã thanh toán',NULL),(254,_binary '\0',541,407,120000,'ORT7HO','B07','Đã thanh toán',NULL),(255,_binary '\0',542,407,120000,'J3W53G','A01','Đã thanh toán',NULL),(256,_binary '\0',543,407,120000,'J3W53G','A02','Đã thanh toán',NULL),(257,_binary '\0',544,407,120000,'J3W53G','A03','Đã thanh toán',NULL),(NULL,_binary '\0',545,398,120000,'T2HWNT','A01','Chờ thanh toán',NULL),(NULL,_binary '\0',546,398,120000,'T2HWNT','A02','Chờ thanh toán',NULL),(NULL,_binary '\0',547,398,120000,'T2HWNT','A03','Chờ thanh toán',NULL),(NULL,_binary '\0',548,398,120000,'FYMWMY','A10','Chờ thanh toán',NULL),(258,_binary '\0',549,398,120000,'VQT8DC','B19','Đã thanh toán',NULL),(259,_binary '\0',550,398,120000,'8K2RW9','A05','Đã thanh toán',NULL),(NULL,_binary '\0',551,398,120000,'HDJ3U5','A08','Đã hủy',NULL),(264,_binary '\0',552,406,120000,'40I0XM','A03','Đã hủy',NULL),(265,_binary '\0',553,406,120000,'40I0XM','A06','Đã thanh toán',NULL),(289,_binary '\0',554,406,120000,'QSN0BQ','A04','Đã thanh toán',NULL),(NULL,_binary '\0',555,406,120000,'ZBKJQN','A07','Chờ thanh toán',NULL),(NULL,_binary '\0',556,406,120000,'K66I3W','A10','Chờ thanh toán',NULL),(260,_binary '\0',557,411,120000,'GE7AHV','A01','Đã thanh toán',NULL),(261,_binary '\0',558,411,120000,'GE7AHV','A03','Đã thanh toán',NULL),(262,_binary '\0',559,411,120000,'3X9RW9','B01','Đã thanh toán',NULL),(263,_binary '\0',560,411,120000,'3X9RW9','B02','Đã thanh toán',NULL),(NULL,_binary '\0',561,406,120000,'EHC19G','A13','Đã hủy',NULL),(296,_binary '\0',562,406,120000,'EHC19G','A14','Đã thanh toán',NULL),(NULL,_binary '\0',563,406,120000,'MOXGUW','A15','Đã hủy',NULL),(NULL,_binary '\0',564,406,120000,'MOXGUW','A17','Chờ thanh toán',NULL),(284,_binary '\0',565,406,120000,'CK7NIY','A11','Đã thanh toán',NULL),(285,_binary '\0',566,406,120000,'CK7NIY','A12','Đã thanh toán',NULL),(286,_binary '\0',567,406,120000,'8JQKGP','A16','Đã thanh toán',NULL),(287,_binary '\0',568,406,120000,'8JQKGP','A18','Đã thanh toán',NULL),(266,_binary '\0',569,406,120000,'R4QIQU','A19','Đã hủy',NULL),(288,_binary '\0',570,406,120000,'AC9X3Q','A20','Đã thanh toán',NULL),(NULL,_binary '\0',571,415,120000,'NCQ1FD','A01','Chờ thanh toán',NULL),(NULL,_binary '\0',572,415,120000,'NCQ1FD','A02','Chờ thanh toán',NULL),(NULL,_binary '\0',573,415,120000,'H2UNXS','B01','Chờ thanh toán',NULL),(NULL,_binary '\0',574,415,120000,'H2UNXS','B02','Chờ thanh toán',NULL),(267,_binary '\0',575,411,120000,'I5T2XW','A04','Đã thanh toán',NULL),(268,_binary '\0',576,411,120000,'B51WRR','A07','Đã thanh toán',NULL),(NULL,_binary '\0',577,411,120000,'7UA2NP','A10','Đã hủy',NULL),(269,_binary '',578,413,120000,'0N518M','B03','Đã thanh toán',NULL),(270,_binary '\0',579,413,120000,'0N518M','B06','Đã thanh toán',NULL),(271,_binary '\0',580,404,120000,'CK0J3D','B03','Đã thanh toán',NULL),(272,_binary '\0',581,404,120000,'CK0J3D','B06','Đã thanh toán',NULL),(273,_binary '',582,413,120000,'U35WQS','A01','Đã thanh toán',NULL),(274,_binary '\0',583,413,120000,'U35WQS','A04','Đã thanh toán',NULL),(275,_binary '\0',584,411,120000,'5VLGN7','B03','Đã thanh toán',NULL),(276,_binary '\0',585,413,120000,'12XJC6','B02','Đã hủy',11),(277,_binary '\0',586,413,120000,'12XJC6','B05','Đã hủy',11),(NULL,_binary '\0',587,443,120000,'5JH89D','A01','Chờ thanh toán',NULL),(NULL,_binary '\0',588,443,120000,'5JH89D','A02','Chờ thanh toán',NULL),(NULL,_binary '\0',589,443,120000,'5JH89D','A03','Chờ thanh toán',NULL),(NULL,_binary '\0',590,443,120000,'7VOWVQ','A10','Chờ thanh toán',NULL),(278,_binary '\0',591,406,120000,'CXVJDK','B01','Đã thanh toán',NULL),(279,_binary '\0',592,406,120000,'CXVJDK','B02','Đã hủy',NULL),(280,_binary '\0',593,406,120000,'BP0V5G','B04','Đã thanh toán',NULL),(281,_binary '\0',594,406,120000,'BP0V5G','B05','Đã thanh toán',NULL),(NULL,_binary '\0',595,406,120000,'DMLFCH','B03','Chờ thanh toán',NULL),(NULL,_binary '\0',596,406,120000,'DMLFCH','B06','Chờ thanh toán',NULL),(282,_binary '\0',597,406,120000,'IJW2XG','B14','Đã hủy',NULL),(283,_binary '\0',598,406,120000,'IJW2XG','B15','Đã thanh toán',NULL),(NULL,_binary '\0',599,406,120000,'XTZRUY','B08','Chờ thanh toán',NULL),(NULL,_binary '\0',600,406,120000,'XTZRUY','B09','Chờ thanh toán',NULL),(290,_binary '\0',601,406,120000,'ZBBVSW','A21','Đã hủy',NULL),(291,_binary '\0',602,406,120000,'ZBBVSW','A22','Đã thanh toán',NULL),(292,_binary '\0',603,406,120000,'ZBBVSW','B19','Đã thanh toán',NULL),(293,_binary '\0',604,406,120000,'ZBBVSW','B20','Đã thanh toán',NULL),(294,_binary '\0',605,406,120000,'H9O1JV','B21','Đã thanh toán',NULL),(295,_binary '\0',606,406,120000,'WB21A9','B10','Đã hủy',NULL),(NULL,_binary '\0',607,406,120000,'RA9TLU','B11','Chờ thanh toán',NULL),(297,_binary '\0',608,445,120000,'LHD78I','A05','Đã thanh toán',NULL),(298,_binary '\0',609,445,120000,'LHD78I','A06','Đã thanh toán',NULL),(NULL,_binary '\0',610,445,120000,'FHNA5R','B01','Chờ thanh toán',NULL),(NULL,_binary '\0',611,445,120000,'FHNA5R','B02','Chờ thanh toán',NULL),(299,_binary '\0',612,446,120000,'1BG53Y','B01','Đã thanh toán',NULL),(300,_binary '\0',613,446,120000,'1BG53Y','B02','Đã thanh toán',NULL),(NULL,_binary '\0',614,445,120000,'QBX32L','B03','Chờ thanh toán',NULL),(NULL,_binary '\0',615,445,120000,'QBX32L','B04','Chờ thanh toán',NULL),(301,_binary '\0',616,451,120000,'JWIEP0','A02','Đã thanh toán',13),(302,_binary '\0',617,451,120000,'JWIEP0','A05','Đã thanh toán',13),(303,_binary '\0',618,452,120000,'4FPV4O','A02','Đã hủy',12),(304,_binary '\0',619,452,120000,'4FPV4O','A05','Đã hủy',12),(305,_binary '\0',620,413,120000,'ZM3QTT','A02','Đã thanh toán',NULL),(306,_binary '\0',621,413,120000,'ZM3QTT','A05','Đã thanh toán',NULL),(307,_binary '',622,413,120000,'ZM3QTT','A06','Đã thanh toán',NULL),(308,_binary '\0',623,443,120000,'TL377Z','B22','Đã thanh toán',NULL),(309,_binary '\0',624,443,120000,'TL377Z','B21','Đã thanh toán',NULL),(310,_binary '\0',625,444,120000,'UA5O3E','B22','Đã thanh toán',NULL),(311,_binary '\0',626,444,120000,'UA5O3E','B21','Đã thanh toán',NULL),(312,_binary '\0',627,443,120000,'VI43YA','A18','Đã thanh toán',NULL),(313,_binary '\0',628,444,120000,'CV4MZW','A22','Đã thanh toán',NULL),(314,_binary '\0',629,444,120000,'CV4MZW','A21','Đã thanh toán',NULL),(315,_binary '\0',630,444,120000,'MQNFS9','A18','Đã thanh toán',NULL),(316,_binary '\0',631,444,120000,'MQNFS9','A16','Đã thanh toán',NULL),(317,_binary '\0',632,445,120000,'F9706Y','B15','Đã thanh toán',NULL),(318,_binary '\0',633,445,120000,'F9706Y','B12','Đã thanh toán',NULL),(319,_binary '\0',634,445,120000,'H8OS4B','A15','Đã thanh toán',NULL),(320,_binary '\0',635,443,120000,'T0IQ0J','A17','Đã thanh toán',NULL),(321,_binary '\0',636,443,120000,'T0IQ0J','A16','Đã thanh toán',NULL),(352,_binary '\0',637,450,120000,'MOV98M','A05','Đã thanh toán',NULL),(353,_binary '\0',638,450,120000,'MOV98M','A08','Đã thanh toán',NULL),(322,_binary '\0',639,443,120000,'9XTNYV','A08','Đã thanh toán',NULL),(323,_binary '\0',640,443,120000,'9XTNYV','A09','Đã thanh toán',NULL),(324,_binary '\0',641,443,120000,'U3SIWV','A11','Đã thanh toán',NULL),(325,_binary '\0',642,445,120000,'YHSC0C','A07','Đã thanh toán',NULL),(326,_binary '\0',643,445,120000,'YHSC0C','A10','Đã thanh toán',NULL),(NULL,_binary '\0',644,448,120000,'6M6FKM','A08','Đã hủy',NULL),(NULL,_binary '\0',645,448,120000,'6M6FKM','A09','Đã hủy',NULL),(NULL,_binary '\0',646,450,120000,'G4NQ20','B14','Đã hủy',NULL),(NULL,_binary '\0',647,450,120000,'G4NQ20','B11','Đã hủy',NULL),(327,_binary '\0',648,449,120000,'NVDHCG','B20','Đã thanh toán',15),(328,_binary '\0',649,449,120000,'NVDHCG','B19','Đã thanh toán',15),(329,_binary '\0',650,449,120000,'LNX44Y','B07','Chờ hủy',14),(330,_binary '\0',651,449,120000,'LNX44Y','B10','Chờ hủy',14),(331,_binary '\0',652,445,120000,'YVW0XS','A18','Đã thanh toán',NULL),(332,_binary '\0',653,445,120000,'YVW0XS','A19','Đã thanh toán',NULL),(333,_binary '\0',654,445,120000,'QTB6IB','A11','Đã thanh toán',NULL),(334,_binary '\0',655,445,120000,'QTB6IB','A12','Đã thanh toán',NULL),(335,_binary '\0',656,445,120000,'2O3SDJ','A02','Đã thanh toán',NULL),(336,_binary '\0',657,445,120000,'ST7RSK','B10','Đã thanh toán',NULL),(337,_binary '\0',658,446,120000,'Z74A5X','A08','Đã hủy',NULL),(338,_binary '\0',659,446,120000,'Z74A5X','A09','Đã thanh toán',NULL),(NULL,_binary '\0',660,446,120000,'V35Q6D','A14','Đã hủy',NULL),(339,_binary '\0',661,443,120000,'6T2V79','B03','Đã thanh toán',NULL),(NULL,_binary '\0',662,443,120000,'R1B70K','B09','Đã hủy',NULL),(NULL,_binary '\0',663,449,120000,'547LCZ','A10','Chờ thanh toán',NULL),(340,_binary '',664,417,120000,'O5LDEB','A16','Đã thanh toán',NULL),(341,_binary '\0',665,449,120000,'72KS1V','B14','Đã thanh toán',NULL),(342,_binary '\0',666,450,120000,'6RP9Y0','B14','Đã thanh toán',NULL),(343,_binary '\0',667,452,120000,'J1HGVF','A01','Đã thanh toán',NULL),(344,_binary '\0',668,452,120000,'J1HGVF','A04','Đã thanh toán',NULL),(345,_binary '\0',669,452,120000,'CQCU42','B03','Đã thanh toán',NULL),(346,_binary '\0',670,452,120000,'CQCU42','B04','Đã thanh toán',NULL),(347,_binary '\0',671,453,120000,'D09493','A03','Đã thanh toán',NULL),(348,_binary '\0',672,453,120000,'D09493','A06','Đã thanh toán',NULL),(349,_binary '\0',673,453,120000,'AKHYHA','A08','Chờ hủy',20),(350,_binary '\0',674,454,120000,'P5F81L','A16','Đã thanh toán',NULL),(354,_binary '\0',675,455,120000,'7D6078','A01','Đã hủy',NULL),(355,_binary '\0',676,455,120000,'7D6078','A02','Đã thanh toán',NULL),(356,_binary '\0',677,455,120000,'7D6078','A03','Đã thanh toán',NULL),(351,_binary '\0',678,443,120000,'T7RCGU','B06','Đã thanh toán',NULL),(NULL,_binary '\0',679,446,120000,'C828TY','A18','Chờ thanh toán',NULL),(NULL,_binary '\0',680,446,120000,'C828TY','A19','Chờ thanh toán',NULL),(NULL,_binary '\0',681,446,120000,'TGVM5H','B21','Chờ thanh toán',NULL),(NULL,_binary '\0',682,446,120000,'TGVM5H','B22','Chờ thanh toán',NULL),(357,_binary '\0',683,455,120000,'8RT6II','A11','Đã thanh toán',NULL),(358,_binary '\0',684,456,120000,'5EOSPA','B02','Đã thanh toán',NULL),(359,_binary '\0',685,456,120000,'5EOSPA','B03','Đã hủy',NULL),(NULL,_binary '\0',686,453,120000,'T7GQFQ','A01','Chờ thanh toán',NULL),(NULL,_binary '\0',687,453,120000,'T7GQFQ','A02','Chờ thanh toán',NULL),(NULL,_binary '\0',688,453,120000,'A404AK','B01','Chờ thanh toán',NULL),(NULL,_binary '\0',689,453,120000,'A404AK','B02','Chờ thanh toán',NULL),(NULL,_binary '\0',690,455,120000,'1G8NJ9','A04','Đã hủy',NULL),(NULL,_binary '\0',691,455,120000,'1G8NJ9','A05','Chờ thanh toán',NULL),(360,_binary '\0',692,505,120000,'IBEQY8','A04','Đã thanh toán',NULL),(361,_binary '\0',693,505,120000,'IBEQY8','A05','Đã thanh toán',NULL),(362,_binary '\0',694,506,120000,'9OVNMR','B01','Đã thanh toán',NULL),(363,_binary '\0',695,506,120000,'9OVNMR','B02','Đã thanh toán',NULL),(364,_binary '\0',696,505,120000,'H99E99','A17','Đã thanh toán',NULL),(365,_binary '\0',697,505,120000,'X4DYL2','A16','Đã thanh toán',NULL),(366,_binary '\0',698,510,120000,'AM4B1U','B17','Đã thanh toán',17),(367,_binary '\0',699,510,120000,'AM4B1U','B15','Đã thanh toán',17),(368,_binary '\0',700,510,120000,'NU1N3E','A11','Đã hủy',16),(369,_binary '\0',701,510,120000,'NU1N3E','A08','Đã hủy',16),(370,_binary '\0',702,511,120000,'4OP8XK','B03','Chờ hủy',19),(371,_binary '\0',703,511,120000,'4OP8XK','B06','Chờ hủy',19),(372,_binary '\0',704,511,120000,'VQ1XDX','B05','Đã hủy',18),(373,_binary '\0',705,511,120000,'VQ1XDX','B08','Đã hủy',18),(374,_binary '\0',706,521,120000,'C3PTLU','A01','Đã thanh toán',NULL),(375,_binary '\0',707,521,120000,'C3PTLU','A02','Đã thanh toán',NULL),(376,_binary '\0',708,521,120000,'PWQIKY','A04','Đã thanh toán',NULL),(388,_binary '\0',709,521,120000,'LAD8Q9','A07','Đã thanh toán',NULL),(389,_binary '\0',710,521,120000,'LAD8Q9','A08','Đã thanh toán',NULL),(NULL,_binary '\0',711,514,120000,'M8Q5JG','A01','Chờ thanh toán',NULL),(NULL,_binary '\0',712,514,120000,'M8Q5JG','A02','Chờ thanh toán',NULL),(NULL,_binary '\0',713,514,120000,'M8Q5JG','A03','Chờ thanh toán',NULL),(NULL,_binary '\0',714,514,120000,'1ZF9TA','A10','Chờ thanh toán',NULL),(NULL,_binary '\0',715,514,120000,'LRMIZG','A04','Chờ thanh toán',NULL),(377,_binary '\0',716,515,120000,'L062AK','A03','Đã thanh toán',NULL),(378,_binary '\0',717,515,120000,'L062AK','A06','Đã thanh toán',NULL),(379,_binary '\0',718,516,120000,'WOV1Z1','B03','Đã thanh toán',NULL),(380,_binary '\0',719,516,120000,'WOV1Z1','B04','Đã thanh toán',NULL),(381,_binary '\0',720,516,120000,'2XLEN1','A07','Đã thanh toán',NULL),(382,_binary '\0',721,516,120000,'2XLEN1','A10','Đã thanh toán',NULL),(383,_binary '\0',722,516,120000,'BFHHDQ','B18','Đã thanh toán',NULL),(384,_binary '\0',723,516,120000,'BFHHDQ','B19','Đã thanh toán',NULL),(385,_binary '\0',724,517,120000,'SDDAOA','B06','Đã thanh toán',NULL),(NULL,_binary '\0',725,517,120000,'91LW2S','B09','Đã hủy',NULL),(386,_binary '\0',726,517,120000,'Y6W6QB','B02','Đã thanh toán',NULL),(387,_binary '\0',727,517,120000,'WX1PZN','B04','Đã thanh toán',NULL),(NULL,_binary '\0',728,517,120000,'X7AWQ9','B07','Đã hủy',NULL),(NULL,_binary '\0',729,514,120000,'E89VOH','A15','Chờ thanh toán',NULL),(390,_binary '\0',730,517,120000,'EMQKLF','B10','Đã thanh toán',NULL),(NULL,_binary '\0',731,453,120000,'U49BPZ','A04','Chờ thanh toán',NULL),(NULL,_binary '\0',732,453,120000,'U49BPZ','A05','Chờ thanh toán',NULL),(391,_binary '\0',733,517,120000,'43XNIP','B11','Đã thanh toán',NULL),(NULL,_binary '\0',734,453,120000,'W2AJ66','B03','Chờ thanh toán',NULL),(NULL,_binary '\0',735,453,120000,'W2AJ66','B04','Chờ thanh toán',NULL),(NULL,_binary '\0',736,517,120000,'ZJHNZ1','B12','Đã hủy',NULL),(NULL,_binary '\0',737,520,120000,'KT3YJD','A05','Đã hủy',NULL),(392,_binary '\0',738,558,120000,'8WXXQD','A18','Chờ hủy',21),(393,_binary '\0',739,535,120000,'1ABRQE','A02','Đã thanh toán',NULL),(394,_binary '',740,581,120000,'92HFJA','A01','Đã thanh toán',NULL),(395,_binary '',741,581,120000,'RMP0JC','A11','Đã thanh toán',NULL),(396,_binary '',742,581,120000,'RMP0JC','A14','Đã thanh toán',NULL),(397,_binary '',743,581,120000,'RMP0JC','B15','Đã thanh toán',NULL),(398,_binary '',744,581,120000,'RMP0JC','B17','Đã thanh toán',NULL),(399,_binary '',745,581,120000,'30CZ9T','A10','Đã thanh toán',NULL),(400,_binary '',746,581,120000,'30CZ9T','A16','Đã thanh toán',NULL),(401,_binary '',747,581,120000,'30CZ9T','B08','Đã thanh toán',NULL),(402,_binary '',748,581,120000,'30CZ9T','B11','Đã thanh toán',NULL),(403,_binary '',749,581,120000,'LB2Z1M','A08','Đã thanh toán',NULL),(404,_binary '',750,581,120000,'LB2Z1M','A05','Đã thanh toán',NULL),(405,_binary '',751,581,120000,'LB2Z1M','A02','Đã thanh toán',NULL),(406,_binary '',752,581,120000,'LB2Z1M','A03','Đã thanh toán',NULL),(407,_binary '',753,581,120000,'LB2Z1M','A06','Đã thanh toán',NULL),(408,_binary '',754,585,120000,'EQP5GC','A08','Đã thanh toán',NULL),(409,_binary '',755,585,120000,'EQP5GC','A11','Đã thanh toán',NULL),(410,_binary '\0',756,585,120000,'EQP5GC','A14','Đã thanh toán',NULL),(411,_binary '\0',757,585,120000,'EQP5GC','A17','Đã thanh toán',NULL),(412,_binary '',758,585,120000,'EQP5GC','A22','Đã thanh toán',NULL);
/*!40000 ALTER TABLE `ticket` ENABLE KEYS */;
UNLOCK TABLES;

--
-- Table structure for table `transaction`
--

DROP TABLE IF EXISTS `transaction`;
/*!40101 SET @saved_cs_client     = @@character_set_client */;
/*!50503 SET character_set_client = utf8mb4 */;
CREATE TABLE `transaction` (
  `amount` double NOT NULL,
  `id` int NOT NULL AUTO_INCREMENT,
  `payment_time` datetime(6) NOT NULL,
  `reference_id` varchar(20) NOT NULL,
  `payment_method` varchar(255) DEFAULT NULL,
  `transaction_type` varchar(255) NOT NULL,
  PRIMARY KEY (`id`)
) ENGINE=InnoDB AUTO_INCREMENT=205 DEFAULT CHARSET=utf8mb4 COLLATE=utf8mb4_0900_ai_ci;
/*!40101 SET character_set_client = @saved_cs_client */;

--
-- Dumping data for table `transaction`
--

LOCK TABLES `transaction` WRITE;
/*!40000 ALTER TABLE `transaction` DISABLE KEYS */;
INSERT INTO `transaction` VALUES (260000,3,'2023-11-12 18:56:27.637960','EZWPOPYB9M','Momo','Thanh toán'),(550000,4,'2023-11-12 20:56:46.852010','POKOF3MYK3','Momo','Thanh toán'),(247500,5,'2023-11-12 21:53:45.710912','RRAJQ9HP8J','Momo','Hoàn tiền'),(130000,6,'2023-11-12 22:58:45.655181','0J3COEE6Q9','Momo','Thanh toán'),(117000,7,'2023-11-12 23:02:00.696881','UO53Q0RZKE','Momo','Hoàn tiền'),(247500,8,'2023-11-12 23:31:38.594290','FFDJIJXK79','Momo','Hoàn tiền'),(130000,9,'2023-11-12 23:56:48.482210','DH8JV0THHF','VNPay','Thanh toán'),(900000,10,'2023-11-13 00:06:06.690600','F69BAAPI9N','Momo','Thanh toán'),(405000,11,'2023-11-13 11:29:07.916941','BVNKAL8SXL','Momo','Hoàn tiền'),(1750000,12,'2023-11-13 11:42:36.851006','KABL4B2T2S','Momo','Thanh toán'),(275000,13,'2023-11-13 15:39:27.203279','FDZ0Z918YR','Momo','Thanh toán'),(275000,14,'2023-11-13 15:43:47.939396','IR43C3FO34','Momo','Thanh toán'),(247500,15,'2023-11-16 21:53:35.712059','Z4UIJS0MZU','Momo','Hoàn tiền'),(1050000,16,'2023-11-16 21:55:48.812575','FHGEXZF2CM','Momo','Thanh toán'),(260000,17,'2023-11-18 17:04:49.256155','ILPRDFGW50','Momo','Thanh toán'),(260000,18,'2023-11-18 17:43:16.274539','2EN31AMIOT','Momo','Hoàn tiền'),(130000,19,'2023-11-19 14:29:43.729514','TI3L5LP266','Momo','Thanh toán'),(117000,20,'2023-11-19 14:31:21.199569','CNN6IRGPZH','Momo','Hoàn tiền'),(315000,21,'2023-11-26 00:43:54.950294','S2QLCO661M','Momo','Hoàn tiền'),(550000,22,'2023-11-26 10:44:47.636631','CWQD3YG22Q','Cash','Thanh toán'),(400000,23,'2023-12-05 00:18:08.188047','BW37QPKM85','Momo','Thanh toán'),(130000,24,'2023-12-10 14:41:31.234615','GBNCMYB7R5','Momo','Thanh toán'),(130000,25,'2023-12-10 15:17:40.868786','XV0659N69F','Momo','Thanh toán'),(400000,26,'2023-12-10 15:23:48.247516','YW8H5J7H68','Momo','Thanh toán'),(1200000,27,'2023-12-10 15:57:10.146331','IEFDX8Z0MQ','Momo','Thanh toán'),(400000,28,'2023-12-10 20:14:36.391718','DJSRLFXLTD','Momo','Hoàn tiền'),(480000,29,'2023-12-12 16:35:18.316965','BNSGN0KWFD','Momo','Thanh toán'),(400000,30,'2023-12-13 14:56:26.667618','S8KRMPXY7R','Momo','Thanh toán'),(1080000,31,'2023-12-13 15:03:49.336815','TZX410AE1M','Momo','Thanh toán'),(400000,32,'2023-12-13 15:25:34.153822','40Y7NA0DN5','Momo','Thanh toán'),(120000,33,'2023-12-13 15:53:29.707612','V6Z44NWWC5','Momo','Thanh toán'),(120000,34,'2023-12-13 16:34:59.504356','8YTAFZK166','Momo','Thanh toán'),(108000,35,'2023-12-13 18:01:39.492336','ABUWCQG9LE','Momo','Hoàn tiền'),(600000,36,'2023-12-13 21:38:40.164565','HP1ARVUDVB','Momo','Thanh toán'),(120000,37,'2023-12-14 00:09:24.848217','AF2TW7RRIF','Momo','Thanh toán'),(600000,38,'2023-12-14 14:00:48.400980','Q24205PFUS','Momo','Thanh toán'),(600000,39,'2023-12-14 14:02:21.833372','4USH75MHU8','Momo','Thanh toán'),(360000,40,'2023-12-14 22:50:27.978191','Z9YXXK60M3','Cash','Thanh toán'),(108000,41,'2023-12-14 22:54:24.494159','P1DDX9DX2Q','Cash','Hoàn tiền'),(315000,42,'2023-12-14 23:27:53.917858','XRN80R6LK3','Momo','Hoàn tiền'),(240000,43,'2023-12-14 23:30:22.490611','0ST9QZXJRR','Momo','Thanh toán'),(600000,44,'2023-12-17 13:53:25.578243','GEHHP8FG22','Momo','Thanh toán'),(600000,45,'2023-12-17 14:24:56.980965','WWZMYD0VBM','Momo','Thanh toán'),(480000,46,'2023-12-17 14:42:53.951274','1G1PAP9IP2','Momo','Thanh toán'),(240000,47,'2023-12-17 15:26:17.295469','I80V8LXKBN','Momo','Thanh toán'),(720000,48,'2023-12-17 16:09:25.420448','9Z8BHFNQ9U','Cash','Thanh toán'),(120000,49,'2023-12-17 16:40:19.324340','GBXI3HZIDT','Momo','Thanh toán'),(216000,50,'2023-12-17 16:50:32.998502','AU5MGKVEE5','Momo','Hoàn tiền'),(600000,51,'2023-12-17 18:17:16.608397','I1L3THXGVX','Momo','Thanh toán'),(120000,52,'2023-12-17 18:19:32.653595','RT1GMJZPC7','Momo','Thanh toán'),(240000,53,'2023-12-17 18:21:58.768566','JS1NRDYA4Y','Momo','Thanh toán'),(480000,54,'2023-12-17 18:28:46.423909','WH0L4K0OOV','Cash','Thanh toán'),(216000,55,'2023-12-17 18:30:33.596998','Z7DYHAPPU2','Cash','Hoàn tiền'),(108000,56,'2023-12-17 18:38:10.746220','U6SAGFZO7M','Momo','Hoàn tiền'),(120000,57,'2023-12-17 21:49:45.575505','1LZY7I9MDG','Momo','Thanh toán'),(840000,58,'2023-12-23 11:34:48.451616','MGBSTLI7UY','Cash','Thanh toán'),(960000,59,'2023-12-23 11:36:43.540756','2NDIXFB3OS','Cash','Thanh toán'),(240000,60,'2023-12-23 11:37:27.315993','IK3S6J2JTB','Cash','Thanh toán'),(120000,61,'2023-12-23 11:38:38.674892','KCGDSJ79EW','Cash','Thanh toán'),(240000,62,'2023-12-23 11:41:10.472022','KKYPFG3FXM','Momo','Thanh toán'),(1080000,63,'2023-12-23 11:51:14.395835','8TEC4WFHO3','Cash','Thanh toán'),(240000,64,'2023-12-23 11:51:19.997590','DS05A2RL4J','Cash','Thanh toán'),(360000,65,'2023-12-23 11:52:05.854845','S104GK7OY1','Cash','Thanh toán'),(450000,66,'2023-12-24 09:00:56.877103','RPX3NNKZ4B','Momo','Thanh toán'),(750000,67,'2023-12-24 09:34:57.537572','QGFXFABU0K','Momo','Thanh toán'),(300000,68,'2023-12-24 09:46:42.719935','LWTW6N951Z','Momo','Thanh toán'),(750000,69,'2023-12-24 09:55:55.218896','0O747EHCUT','Momo','Thanh toán'),(600000,70,'2023-12-24 09:57:55.194916','KA1F9SB3II','Momo','Thanh toán'),(360000,71,'2023-12-24 10:07:10.939702','248QP53O8M','Momo','Thanh toán'),(360000,72,'2023-12-24 10:21:31.004652','H5B1YJJYXU','Momo','Thanh toán'),(450000,73,'2023-12-24 10:46:02.589180','IJIIF74CYS','Momo','Thanh toán'),(1240000,74,'2023-12-24 10:55:09.878303','08BYY266VR','Momo','Thanh toán'),(930000,75,'2023-12-24 11:01:29.467030','ZMQBMW5Q15','Momo','Thanh toán'),(1240000,76,'2023-12-24 11:45:17.900957','0TGDIJGAMX','Cash','Thanh toán'),(558000,77,'2023-12-24 11:47:24.204115','B1KJATH7H4','Cash','Hoàn tiền'),(558000,78,'2023-12-24 11:50:18.263573','3G06D7H68T','Momo','Hoàn tiền'),(1080000,79,'2023-12-24 12:59:14.555394','VR5XO8GVOH','Cash','Thanh toán'),(620000,80,'2023-12-24 16:50:29.247204','365YAET0T6','Momo','Thanh toán'),(240000,81,'2023-12-25 01:16:54.700270','211I1O34B4','Momo','Thanh toán'),(450000,82,'2023-12-25 01:32:39.351281','CSV7M31BUS','Momo','Thanh toán'),(240000,83,'2023-12-26 23:38:11.652026','JZJ5EXDF1H','Momo','Thanh toán'),(360000,84,'2023-12-27 01:13:24.922938','7BRWWMNT0T','Momo','Thanh toán'),(240000,85,'2023-12-27 01:14:18.161694','ANXVJ0ZJSJ','Momo','Thanh toán'),(360000,86,'2023-12-27 01:16:50.679333','N2NEJVG0IT','Momo','Thanh toán'),(480000,87,'2024-01-01 17:13:49.064327','6VVFGXH1UQ','Momo','Thanh toán'),(1440000,88,'2024-01-02 05:47:26.496763','EHWRAKHRFM','Cash','Thanh toán'),(600000,89,'2024-01-02 09:48:13.332527','UV5CH2458V','Cash','Thanh toán'),(240000,90,'2024-01-02 09:49:03.071468','6IOZNY8LZ4','Cash','Thanh toán'),(480000,91,'2024-01-02 09:50:01.178449','IC660R0FI9','Momo','Thanh toán'),(240000,92,'2024-01-02 09:53:10.389061','VO8VALCNLZ','Cash','Thanh toán'),(600000,93,'2024-01-02 09:55:16.295195','BJXGAQKNVS','Cash','Thanh toán'),(600000,94,'2024-01-10 17:31:43.430073','AZNLBV5181','Momo','Thanh toán'),(120000,95,'2024-01-10 21:10:36.072334','CJ9CQAEXNA','Momo','Thanh toán'),(120000,96,'2024-01-10 21:24:04.367133','5OCU8G3ILF','Momo','Thanh toán'),(120000,97,'2024-01-10 21:36:50.816411','JQWXJZ5N0E','Momo','Thanh toán'),(480000,98,'2024-01-10 22:47:12.173945','23047JL7CO','Momo','Thanh toán'),(600000,99,'2024-01-10 22:47:47.054463','KWYTCCHYU3','Momo','Thanh toán'),(240000,100,'2024-01-11 08:31:26.974751','HCZZMFKWQJ','Momo','Thanh toán'),(240000,101,'2024-01-11 09:28:55.343215','DU7SXEAU0X','Momo','Thanh toán'),(360000,102,'2024-01-11 09:49:05.983397','3ZR60EL2BY','Momo','Thanh toán'),(360000,103,'2024-01-11 09:49:24.970074','PRSNM1R9MC','Momo','Thanh toán'),(120000,104,'2024-01-11 12:40:44.486651','GZ52RFB7MM','Momo','Thanh toán'),(120000,105,'2024-01-11 12:40:58.483836','UUHLK5P52E','Momo','Thanh toán'),(240000,106,'2024-01-11 16:37:46.242176','POTSOEZSF9','Cash','Thanh toán'),(240000,107,'2024-01-11 17:34:11.388066','91E9YM28AR','Cash','Thanh toán'),(240000,108,'2024-01-11 23:01:55.618622','7BHKEUSP4I','Cash','Thanh toán'),(108000,109,'2024-01-12 00:17:45.456468','XVT3RMEVQB','Cash','Hoàn tiền'),(120000,110,'2024-01-12 01:23:15.590695','LC3NE0KRT2','Cash','Thanh toán'),(108000,111,'2024-01-12 01:25:32.326401','Q3XDI16RLW','Cash','Hoàn tiền'),(120000,112,'2024-01-12 11:01:58.467210','A0PA87WGSS','Momo','Thanh toán'),(120000,113,'2024-01-12 11:02:12.500033','IA5SWNF0PU','Momo','Thanh toán'),(240000,114,'2024-01-12 11:52:11.893845','5Z7C41K52K','Momo','Thanh toán'),(240000,115,'2024-01-12 11:53:29.700011','9E5RV7EBT3','Momo','Thanh toán'),(240000,116,'2024-01-12 12:08:53.229689','C834LDPTEE','Momo','Thanh toán'),(120000,117,'2024-01-12 12:11:07.391646','VQU7M67B0L','Momo','Thanh toán'),(240000,118,'2024-01-12 13:18:11.883509','BULP0BI2NA','Momo','Thanh toán'),(240000,119,'2024-01-12 14:44:15.232251','2QJHXL89DW','Cash','Thanh toán'),(240000,120,'2024-01-12 15:38:39.964215','6YODNNO22V','Cash','Thanh toán'),(240000,121,'2024-01-12 16:03:18.823047','WXV25IPPH9','Cash','Thanh toán'),(240000,122,'2024-01-12 16:09:38.595032','TCUFWBZQ17','Cash','Thanh toán'),(240000,123,'2024-01-12 16:10:48.940420','ZA7765NSW4','Cash','Thanh toán'),(120000,124,'2024-01-12 16:15:27.739708','N0X2HGIKMV','Cash','Thanh toán'),(120000,125,'2024-01-12 16:17:29.239040','B8GATA4SXD','Cash','Thanh toán'),(480000,126,'2024-01-12 16:28:29.764486','KTOD9XNAOJ','Cash','Thanh toán'),(120000,127,'2024-01-12 16:31:37.991588','PO3D52NSWX','Cash','Thanh toán'),(120000,128,'2024-01-12 16:34:54.983001','O118XZ69Z4','Cash','Thanh toán'),(120000,129,'2024-01-12 16:45:11.240666','UQK3Z72A0L','Cash','Thanh toán'),(108000,130,'2024-01-12 17:37:07.921025','M7FLGDQ0T2','Cash','Hoàn tiền'),(108000,131,'2024-01-12 17:44:24.323132','MN5JR1YB47','Cash','Hoàn tiền'),(108000,132,'2024-01-12 17:55:04.248924','EK1FNJVPXT','Cash','Hoàn tiền'),(108000,133,'2024-01-12 17:58:42.109189','HWSUJINL1I','Cash','Hoàn tiền'),(240000,134,'2024-01-12 22:29:29.176289','ADJ4F7Q8O4','Cash','Thanh toán'),(240000,135,'2024-01-12 22:30:46.438988','0V91H6Y62F','Cash','Thanh toán'),(216000,136,'2024-01-13 01:30:17.219603','5L8J466KP4','Momo','Hoàn tiền'),(240000,137,'2024-01-13 01:34:58.393921','0NZBAL0HSB','Momo','Thanh toán'),(240000,138,'2024-01-13 01:35:18.680789','CGGO4X2XIT','Momo','Thanh toán'),(216000,139,'2024-01-13 01:56:48.543031','N8AI96F58D','Momo','Hoàn tiền'),(360000,140,'2024-01-14 10:00:57.719917','VTHBZBINPU','Cash','Thanh toán'),(240000,141,'2024-01-14 13:28:06.101605','KJ2BRCMOJV','Momo','Thanh toán'),(240000,142,'2024-01-14 13:28:27.215611','E8W6JVQUKU','Momo','Thanh toán'),(120000,143,'2024-01-14 13:32:12.522729','7Z18WI2D4Q','Momo','Thanh toán'),(240000,144,'2024-01-14 13:32:40.385580','WL2JTLOPZI','Momo','Thanh toán'),(240000,145,'2024-01-14 13:33:18.532828','7KRBS8M0ZM','Momo','Thanh toán'),(240000,146,'2024-01-14 13:39:03.781416','I5KRPNW7P6','Momo','Thanh toán'),(120000,147,'2024-01-14 13:41:59.294729','PZMT3JS8EX','Momo','Thanh toán'),(240000,148,'2024-01-14 13:53:01.941567','OULOE1AE8M','Cash','Thanh toán'),(240000,149,'2024-01-14 14:21:30.833440','2JIY8OYURP','Cash','Thanh toán'),(120000,150,'2024-01-14 14:22:35.233740','SFQJA5XKEC','Cash','Thanh toán'),(240000,151,'2024-01-14 14:26:04.569011','JIB3J51JTC','Cash','Thanh toán'),(240000,152,'2024-01-14 14:32:33.541965','QZY54TRWQ2','Momo','Thanh toán'),(240000,153,'2024-01-14 14:32:57.704994','U3H178PB7Q','Momo','Thanh toán'),(240000,154,'2024-01-14 14:36:10.953662','WE2HL0W7W6','Cash','Thanh toán'),(240000,155,'2024-01-14 14:38:14.513028','14MPMIR1LP','Cash','Thanh toán'),(120000,156,'2024-01-14 14:39:21.192309','R94Z7LDV1I','Cash','Thanh toán'),(120000,157,'2024-01-14 14:41:02.349937','F27ST1OQE5','Cash','Thanh toán'),(240000,158,'2024-01-14 14:43:56.035626','W0FODP7YOG','Cash','Thanh toán'),(120000,159,'2024-01-14 14:53:15.809789','XCH6GHEFJN','Momo','Thanh toán'),(120000,160,'2024-01-14 15:22:23.044323','GX410VFMM6','Cash','Thanh toán'),(120000,161,'2024-01-14 15:34:54.597663','NLQE8ZFSTS','Momo','Thanh toán'),(120000,162,'2024-01-14 15:35:17.386422','D43BPLTI8D','Momo','Thanh toán'),(240000,163,'2024-01-14 15:37:46.111773','GE8TRSRI6S','Momo','Thanh toán'),(240000,164,'2024-01-14 15:38:07.351579','T3MDDL4ZNC','Momo','Thanh toán'),(240000,165,'2024-01-14 15:40:39.956424','92ZBKSZWEB','Momo','Thanh toán'),(120000,166,'2024-01-14 15:44:20.439888','1UYW66JSRP','Momo','Thanh toán'),(120000,167,'2024-01-14 15:46:07.026450','VOPYG145GB','Momo','Thanh toán'),(120000,168,'2024-01-14 15:50:40.951105','UB5X9AL7PG','Momo','Thanh toán'),(108000,169,'2024-01-14 15:51:02.566036','870ZDZX2VW','Cash','Hoàn tiền'),(240000,170,'2024-01-14 15:51:27.002766','24NW0LQK1A','Cash','Thanh toán'),(360000,171,'2024-01-14 22:59:58.801007','6XLM8XXPGN','Cash','Thanh toán'),(120000,172,'2024-01-14 23:01:35.596952','7K6L3E2T27','Cash','Thanh toán'),(240000,173,'2024-01-14 23:05:13.181385','IPTDEIBNO8','Cash','Thanh toán'),(108000,174,'2024-01-14 23:06:09.781246','KSDVK1FTCJ','Cash','Hoàn tiền'),(240000,175,'2024-01-15 11:52:39.912593','2SZRUNQ310','Cash','Thanh toán'),(240000,176,'2024-01-15 11:53:15.092781','NFDY488N9S','Cash','Thanh toán'),(120000,177,'2024-01-15 11:57:04.548882','8Y4C67LFDZ','Cash','Thanh toán'),(120000,178,'2024-01-15 11:58:04.647036','IMY1W5MAN7','Cash','Thanh toán'),(240000,179,'2024-01-15 12:14:40.049374','AR9HOAO0ZY','Momo','Thanh toán'),(240000,180,'2024-01-15 12:15:04.097242','DZJUSC5CAZ','Momo','Thanh toán'),(216000,181,'2024-01-15 12:26:46.110555','TVVOXIKUAK','Momo','Hoàn tiền'),(240000,182,'2024-01-15 12:29:52.756378','O1POWXZ07D','Momo','Thanh toán'),(240000,183,'2024-01-15 12:30:20.350353','UDL1ZJPWDR','Momo','Thanh toán'),(240000,184,'2024-01-15 12:44:39.015106','73M9GNRJVB','Cash','Thanh toán'),(120000,185,'2024-01-15 12:50:59.196116','GYHWAWSA6S','Cash','Thanh toán'),(240000,186,'2024-01-15 17:32:41.642970','BOAX5UOWXD','Momo','Thanh toán'),(240000,187,'2024-01-15 17:54:11.311727','O27OQB0AN8','Momo','Thanh toán'),(240000,188,'2024-01-15 21:58:04.418264','RK64P63PN4','Momo','Thanh toán'),(240000,189,'2024-01-15 21:58:32.434125','DVDC4OJ2BF','Momo','Thanh toán'),(120000,190,'2024-01-15 22:09:54.422466','QP4JUN9Q6V','Momo','Thanh toán'),(120000,191,'2024-01-15 22:11:57.742643','2D7PDD61VK','Momo','Thanh toán'),(120000,192,'2024-01-15 22:12:13.830231','0LDNTF23B5','Momo','Thanh toán'),(240000,193,'2024-01-15 22:21:19.711253','SHQQWME1VN','Cash','Thanh toán'),(108000,194,'2024-01-15 22:21:42.074951','O3JDA4WX4P','Cash','Hoàn tiền'),(120000,195,'2024-01-15 22:22:10.754738','L7PUGPWR01','Momo','Thanh toán'),(120000,196,'2024-01-15 22:22:34.343086','BPVOCH3DYZ','Momo','Thanh toán'),(216000,197,'2024-01-15 22:22:57.156448','4B5NT6CTV8','Momo','Hoàn tiền'),(120000,198,'2024-01-30 22:00:06.592597','UE1SSXN1FG','Momo','Thanh toán'),(120000,199,'2024-01-30 22:05:54.255336','D83M02DXCH','Momo','Thanh toán'),(120000,200,'2024-02-01 17:20:38.685428','I4GXA5KR0E','Momo','Thanh toán'),(480000,201,'2024-02-01 17:28:55.055644','G60ANRKXLA','Momo','Thanh toán'),(480000,202,'2024-02-01 21:39:45.470882','G4U20O031A','Momo','Thanh toán'),(600000,203,'2024-02-01 22:02:54.328580','HMZXZRI88R','Momo','Thanh toán'),(600000,204,'2024-02-02 10:34:19.184906','UIBRXHHJJ0','Momo','Thanh toán');
/*!40000 ALTER TABLE `transaction` ENABLE KEYS */;
UNLOCK TABLES;

--
-- Table structure for table `trip`
--

DROP TABLE IF EXISTS `trip`;
/*!40101 SET @saved_cs_client     = @@character_set_client */;
/*!50503 SET character_set_client = utf8mb4 */;
CREATE TABLE `trip` (
  `id` int NOT NULL AUTO_INCREMENT,
  `start_station` int DEFAULT NULL,
  `end_station` int DEFAULT NULL,
  `route_id` int DEFAULT NULL,
  `turn` bit(1) DEFAULT NULL,
  `is_active` tinyint(1) DEFAULT NULL,
  PRIMARY KEY (`id`),
  KEY `FKe8se5tjehamumdh5b9504ybe8` (`end_station`),
  KEY `FKeva4adpyk6glllffnw5ypj20j` (`route_id`),
  KEY `FK959242365j9j9ry5upw7xvupj` (`start_station`),
  CONSTRAINT `FK959242365j9j9ry5upw7xvupj` FOREIGN KEY (`start_station`) REFERENCES `station` (`id`),
  CONSTRAINT `FKe8se5tjehamumdh5b9504ybe8` FOREIGN KEY (`end_station`) REFERENCES `station` (`id`),
  CONSTRAINT `FKeva4adpyk6glllffnw5ypj20j` FOREIGN KEY (`route_id`) REFERENCES `route` (`id`)
) ENGINE=InnoDB AUTO_INCREMENT=59 DEFAULT CHARSET=utf8mb4 COLLATE=utf8mb4_0900_ai_ci;
/*!40101 SET character_set_client = @saved_cs_client */;

--
-- Dumping data for table `trip`
--

LOCK TABLES `trip` WRITE;
/*!40000 ALTER TABLE `trip` DISABLE KEYS */;
INSERT INTO `trip` VALUES (1,2,5,1,_binary '',1),(2,2,5,1,_binary '\0',1),(3,2,6,2,_binary '',1),(4,2,6,2,_binary '\0',1),(5,1,7,3,_binary '',1),(6,1,7,3,_binary '\0',1),(7,1,9,4,_binary '',1),(8,1,9,4,_binary '\0',1),(9,2,9,4,_binary '',1),(10,2,9,4,_binary '\0',1),(11,16,9,4,_binary '',1),(12,16,9,4,_binary '\0',1),(13,1,10,5,_binary '',1),(14,1,10,5,_binary '\0',1),(15,2,10,5,_binary '',1),(16,2,10,5,_binary '\0',1),(17,1,11,6,_binary '',1),(18,1,11,6,_binary '\0',1),(19,2,12,7,_binary '',1),(20,2,12,7,_binary '\0',1),(21,1,13,8,_binary '',1),(22,1,13,8,_binary '\0',1),(23,2,13,8,_binary '',1),(24,2,13,8,_binary '\0',1),(25,16,13,8,_binary '',1),(26,16,13,8,_binary '\0',1),(27,2,14,9,_binary '',1),(28,2,14,9,_binary '\0',1),(29,1,15,10,_binary '',1),(30,1,15,10,_binary '\0',1),(31,13,9,11,_binary '',1),(32,13,9,11,_binary '\0',1),(33,13,14,12,_binary '',1),(34,13,14,12,_binary '\0',1),(35,16,17,1,_binary '',0),(36,16,17,1,_binary '\0',0),(37,4,18,1,_binary '',0),(38,4,18,1,_binary '\0',0),(39,23,8,18,_binary '',0),(40,23,8,18,_binary '\0',0),(41,13,15,19,_binary '',1),(42,13,15,19,_binary '\0',1),(43,26,27,20,_binary '',0),(44,26,27,20,_binary '\0',0),(45,1,6,2,_binary '',1),(46,1,6,2,_binary '\0',1),(47,1,5,1,_binary '',0),(48,1,5,1,_binary '\0',1),(49,11,27,21,_binary '',0),(50,11,27,21,_binary '\0',0),(51,2,7,3,_binary '',1),(52,2,7,3,_binary '\0',1),(53,16,7,3,_binary '',1),(54,16,7,3,_binary '\0',1),(55,16,10,5,_binary '',1),(56,16,10,5,_binary '\0',1),(57,16,11,6,_binary '',1),(58,16,11,6,_binary '\0',1);
/*!40000 ALTER TABLE `trip` ENABLE KEYS */;
UNLOCK TABLES;

--
-- Table structure for table `trip_bus`
--

DROP TABLE IF EXISTS `trip_bus`;
/*!40101 SET @saved_cs_client     = @@character_set_client */;
/*!50503 SET character_set_client = utf8mb4 */;
CREATE TABLE `trip_bus` (
  `id` int NOT NULL AUTO_INCREMENT,
  `trip_id` int NOT NULL,
  `bus_id` int NOT NULL,
  PRIMARY KEY (`id`),
  KEY `trip_idx` (`trip_id`),
  KEY `bus_Ky_idx` (`bus_id`),
  CONSTRAINT `bus_Ky` FOREIGN KEY (`bus_id`) REFERENCES `bus` (`id`) ON DELETE RESTRICT ON UPDATE RESTRICT,
  CONSTRAINT `trip_Ky` FOREIGN KEY (`trip_id`) REFERENCES `trip` (`id`)
) ENGINE=InnoDB AUTO_INCREMENT=59 DEFAULT CHARSET=utf8mb4 COLLATE=utf8mb4_0900_ai_ci;
/*!40101 SET character_set_client = @saved_cs_client */;

--
-- Dumping data for table `trip_bus`
--

LOCK TABLES `trip_bus` WRITE;
/*!40000 ALTER TABLE `trip_bus` DISABLE KEYS */;
INSERT INTO `trip_bus` VALUES (7,1,1),(8,2,1),(9,1,2),(10,2,2),(11,3,3),(12,4,3),(13,3,4),(14,4,4),(15,7,5),(16,8,5),(19,11,7),(20,12,7),(27,5,12),(28,6,12),(29,5,13),(30,6,13),(31,5,14),(32,6,14),(33,7,15),(34,8,15),(35,9,16),(36,10,16),(37,9,17),(38,10,17),(39,5,6),(40,6,6),(41,23,18),(42,24,18),(45,7,9),(46,8,9),(47,7,10),(48,8,10);
/*!40000 ALTER TABLE `trip_bus` ENABLE KEYS */;
UNLOCK TABLES;

--
-- Table structure for table `trip_driver`
--

DROP TABLE IF EXISTS `trip_driver`;
/*!40101 SET @saved_cs_client     = @@character_set_client */;
/*!50503 SET character_set_client = utf8mb4 */;
CREATE TABLE `trip_driver` (
  `id` int NOT NULL AUTO_INCREMENT,
  `trip_id` int NOT NULL,
  `driver_id` int NOT NULL,
  PRIMARY KEY (`id`),
  KEY `trip_ky_idx` (`trip_id`),
  KEY `driver_ky_idx` (`driver_id`),
  CONSTRAINT `driver_ky` FOREIGN KEY (`driver_id`) REFERENCES `driver` (`driver_id`) ON DELETE RESTRICT ON UPDATE RESTRICT,
  CONSTRAINT `trip_ky2` FOREIGN KEY (`trip_id`) REFERENCES `trip` (`id`) ON DELETE RESTRICT ON UPDATE RESTRICT
) ENGINE=InnoDB AUTO_INCREMENT=69 DEFAULT CHARSET=utf8mb4 COLLATE=utf8mb4_0900_ai_ci;
/*!40101 SET character_set_client = @saved_cs_client */;

--
-- Dumping data for table `trip_driver`
--

LOCK TABLES `trip_driver` WRITE;
/*!40000 ALTER TABLE `trip_driver` DISABLE KEYS */;
INSERT INTO `trip_driver` VALUES (1,1,1),(2,2,1),(9,1,2),(10,2,2),(11,1,3),(12,2,3),(13,3,4),(14,4,4),(15,3,5),(16,4,5),(23,5,18),(24,6,18),(25,5,19),(26,6,19),(27,7,20),(28,8,20),(29,7,21),(30,8,21),(31,7,22),(32,8,22),(33,1,7),(34,2,7),(35,1,9),(36,2,9),(37,9,23),(38,10,23),(39,9,6),(40,10,6),(41,9,8),(42,10,8),(43,9,17),(44,10,17),(51,21,25),(52,22,25),(57,7,26),(58,8,26),(59,7,27),(60,8,27),(67,21,24),(68,22,24);
/*!40000 ALTER TABLE `trip_driver` ENABLE KEYS */;
UNLOCK TABLES;

--
-- Table structure for table `user`
--

DROP TABLE IF EXISTS `user`;
/*!40101 SET @saved_cs_client     = @@character_set_client */;
/*!50503 SET character_set_client = utf8mb4 */;
CREATE TABLE `user` (
  `account_id` int DEFAULT NULL,
  `gender` bit(1) DEFAULT NULL,
  `id` int NOT NULL AUTO_INCREMENT,
  `tel` varchar(12) NOT NULL,
  `email` varchar(45) DEFAULT NULL,
  `name` varchar(45) NOT NULL,
  PRIMARY KEY (`id`),
  UNIQUE KEY `UK_nbfia2ok6c7at4i0er6uyskkx` (`tel`),
  UNIQUE KEY `UK_nrrhhb0bsexvi8ch6wnon9uog` (`account_id`),
  CONSTRAINT `FKc3b4xfbq6rbkkrddsdum8t5f0` FOREIGN KEY (`account_id`) REFERENCES `account` (`id`)
) ENGINE=InnoDB AUTO_INCREMENT=85 DEFAULT CHARSET=utf8mb4 COLLATE=utf8mb4_0900_ai_ci;
/*!40101 SET character_set_client = @saved_cs_client */;

--
-- Dumping data for table `user`
--

LOCK TABLES `user` WRITE;
/*!40000 ALTER TABLE `user` DISABLE KEYS */;
INSERT INTO `user` VALUES (1,_binary '',1,'0346623721','nnguyen@gmail.com','Nguyễn Nguyên'),(4,_binary '',2,'03456323501','hinhhinh@gmail.com','Nguyễn Hinh'),(5,_binary '',3,'0336669566','lien@gmail.com','Nguyễn Hương Liên'),(6,_binary '\0',4,'0203010507','anhgian@gmail.com','Giản Tùy Anh Hùng Mỹ'),(7,_binary '',5,'09090909090','20110248@student.hcmute.edu.vn','Kim Lệ Lê'),(8,_binary '\0',6,'09090909091','20110248@student.hcmute.edu.vn','Lê Thị Kim Lệ Kim Tân'),(9,_binary '',7,'0101010101','vivivivi@gmail.com','Đặng Vi'),(10,_binary '\0',8,'0130202010','tienanh@gmail.com','Lê Minh Tiến Anh'),(11,_binary '',9,'0303030303','taixe@gmail.com','Bác Tài'),(12,_binary '',10,'0202020202','gia@gmail.com','Tiểu Tam Gia'),(13,_binary '',11,'0306050111','nhanca@gmail.com','Phạm Nhàn'),(14,_binary '',12,'0333843259','kimle020102@gmail.com','Lê Kim Ngân'),(17,_binary '',15,'0333843252','kimlee020102@gmail.com','Lê Hải Minh'),(18,_binary '',16,'0333843244','thanh@gmail.com','Nguyễn Văn Anh'),(19,_binary '\0',17,'0990573829','binh@gmail.com','Nguyễn Văn Bình'),(20,_binary '',18,'0333843213','tho@gmail.com','Nguyễn Văn Anh'),(21,_binary '',19,'0443843200','dien@gmail.com','Nguyễn Văn Điền'),(22,_binary '\0',20,'0775443252','phuket@gmail.com','Lê Văn Phú'),(24,_binary '\0',22,'0938573829','thom@gmail.com','Nguyễn Văn Thọ'),(25,_binary '\0',23,'03338432423','thomas@gmail.com','Nguyễn Văn Thi'),(26,_binary '',24,'01234567891','kimle020102@gmail.com','Lê Kim Ngân'),(34,_binary '\0',32,'0909090909','kimle1020102@gmail.com','Lê Văn Nông'),(36,_binary '',34,'0302000009','minhle@gmail.com','Lê Minh Minh'),(38,_binary '',36,'0334943334','nguyenbuitiep492@gmail.com','Nguyễn Bùi Tiệp'),(39,_binary '',37,'0123456789','kim@gmail.com','test_a_maven'),(40,_binary '',38,'01234567892','kimle1020102@gmail.com','Kim Le'),(41,_binary '',39,'01010101012','kim@gmail.comm','Lê Thị Kim Lệ Kim'),(42,_binary '',40,'01234567811','kimli@gmail.com','Thiên Bá Vũ'),(43,_binary '',41,'0288348179','kimle020102@gmail.com','Nguyễn Nga'),(44,_binary '',42,'0934023030','mnguyen@gmail.com','Lê Văn Anh'),(45,_binary '\0',43,'0934023038','kimlem020102@gmail.com','Nguyễn Nga'),(46,_binary '\0',44,'09534048634','dang@gmail.com','Lê Phan Đăng'),(47,_binary '\0',45,'09534041134','dangdang@gmail.com','Lê Phan Đăng Lưu'),(48,_binary '\0',46,'09884041134','anhvu@gmail.com','Nguyễn Anh Vũ'),(49,_binary '\0',47,'09881141134','vanchu@gmail.com','Phạm Văn Chu'),(50,_binary '\0',48,'09881110134','nguyendan@gmail.com','Chu Nguyên Đán'),(51,_binary '\0',49,'09882241134','vanchulai@gmail.com','Phạm Văn Chu Lai'),(52,_binary '',50,'0326980107','ninh@gmail.com','Lê Ninh'),(53,_binary '',51,'0326980100','socLe@gmail.com','Lê Sóc'),(54,_binary '\0',52,'09882141134','nghia@gmail.com','Nguyễn Nghĩa'),(55,_binary '\0',53,'09090909094','nhann@gmail.com','Nguyễn Thành Nhân'),(56,_binary '\0',54,'09090908094','nhanvien@gmail.com','Nguyễn Thành Nhân Viên'),(57,_binary '\0',55,'00890908094','tien@gmail.com','Nguyễn Viết Tiến'),(58,_binary '\0',56,'07790908094','len@gmail.com','Nguyễn Viết Tiến Lên'),(59,_binary '\0',57,'0789632145','tinhtinh@gmail.com','Lưu Tinh'),(60,_binary '\0',58,'0333843255','lam@example.com','Nguyễn Ánh'),(61,_binary '',59,'0129094234','kimle0201023@gmail.com','Nguyễn Nga'),(62,_binary '\0',60,'09881141123','lanh@gmail.com','Lê Lanh'),(63,_binary '',61,'0958607899','kimlam@gmail.com','Kim Lâm'),(64,_binary '',62,'0333843279','kimme@gmail.com','Kim Nguyễn'),(65,_binary '',63,'0333843567','kimme@gmail.com','Kim Nguyễn'),(66,_binary '',64,'0333843560','kimme@gmail.com','Kim Nguyễn'),(67,_binary '\0',65,'0333843333','thanhh@gmail.com','Nguyễn Lê Kim'),(68,_binary '\0',66,'0333943142','aanh@gmail.com','Nguyễn Văn Ánh'),(69,_binary '\0',67,'0444843142','bbang@gmail.com','Nguyễn Văn Bảng'),(70,_binary '\0',68,'0333223142','aanhsao@gmail.com','Nguyễn Văn Ánh Sao'),(71,_binary '\0',69,'0323943142','aaanh@gmail.com','Nguyễn Văn Ánh'),(72,_binary '\0',70,'0434843142','bbbang@gmail.com','Nguyễn Văn Bảng'),(73,_binary '\0',71,'0333843266','thanhhh@gmail.com','Lê Thị Kim Lệ'),(74,_binary '',72,'0333222266','thanhh3h@gmail.com','Lê Thị Kim Lan'),(75,_binary '',73,'0857843561','kimmme@gmail.com','Kim Nguyễn'),(76,_binary '\0',74,'0323943152','aaanhla@gmail.com','Nguyễn Văn Ánh La'),(77,_binary '\0',75,'0371223142','aaannhsao@gmail.com','Nguyễn Văn Nam An'),(78,_binary '\0',76,'0478843142','bbbabang@gmail.com','Nguyễn Văn Bảng Ba'),(79,_binary '\0',77,'0323922152','toa@gmail.com','Nguyễn Văn Tòa'),(80,_binary '\0',78,'0478843042','bbssang@gmail.com','Nguyễn Văng Bag'),(81,_binary '\0',79,'0377723142','naman@gmail.com','Nguyễn Nam Án'),(82,_binary '',80,'0202020201','kimmmea@gmail.com','Kim Nguyễn An'),(83,_binary '\0',81,'01234324322','truongquan@gmail.com','Nguyễn Trường Quân'),(85,_binary '',83,'0346623722','giang@gmail.com','Lê Giang'),(86,_binary '',84,'0333843260','bao@gmail.com','Kim Báo');
/*!40000 ALTER TABLE `user` ENABLE KEYS */;
UNLOCK TABLES;
SET @@SESSION.SQL_LOG_BIN = @MYSQLDUMP_TEMP_LOG_BIN;
/*!40103 SET TIME_ZONE=@OLD_TIME_ZONE */;

/*!40101 SET SQL_MODE=@OLD_SQL_MODE */;
/*!40014 SET FOREIGN_KEY_CHECKS=@OLD_FOREIGN_KEY_CHECKS */;
/*!40014 SET UNIQUE_CHECKS=@OLD_UNIQUE_CHECKS */;
/*!40101 SET CHARACTER_SET_CLIENT=@OLD_CHARACTER_SET_CLIENT */;
/*!40101 SET CHARACTER_SET_RESULTS=@OLD_CHARACTER_SET_RESULTS */;
/*!40101 SET COLLATION_CONNECTION=@OLD_COLLATION_CONNECTION */;
/*!40111 SET SQL_NOTES=@OLD_SQL_NOTES */;

-- Dump completed on 2024-02-03  8:59:03
